date,fund,company,ticker,cusip,shares,"market value($)",weight(%)
12/29/2020,ARKG,"PACIFIC BIOSCIENCES OF CALIF",PACB,69404D108,20016038.00,508007044.44,6.60
12/29/2020,ARKG,"CRISPR THERAPEUTICS AG",CRSP,H17182108,2853841.00,450421725.03,5.85
12/29/2020,ARKG,"TELADOC HEALTH INC",TDOC,87918A105,2185466.00,434864024.68,5.65
12/29/2020,ARKG,"TWIST BIOSCIENCE CORP",TWST,90184D100,2979341.00,412817488.96,5.37
12/29/2020,ARKG,"CAREDX INC",CDNA,14167L103,3934984.00,288198228.16,3.75
12/29/2020,ARKG,"MORGAN STANLEY GOVT INSTL 8035",,X9USDMORS,278277967.16,278277967.16,3.62
12/29/2020,ARKG,"INVITAE CORP",NVTA,46185L103,6195551.00,272232510.94,3.54
12/29/2020,ARKG,"IOVANCE BIOTHERAPEUTICS INC",IOVA,462260100,5701054.00,271427180.94,3.53
12/29/2020,ARKG,"EXACT SCIENCES CORP",EXAS,30063P105,1992165.00,263164996.50,3.42
12/29/2020,ARKG,"PERSONALIS INC",PSNL,71535D106,6756422.00,260257375.44,3.38
12/29/2020,ARKG,"FATE THERAPEUTICS INC",FATE,31189P102,2810876.00,260259008.84,3.38
12/29/2020,ARKG,"ROCHE HOLDINGS LTD-SPONS ADR",RHHBY,771195104,4977444.00,215573099.64,2.80
12/29/2020,ARKG,"REGENERON PHARMACEUTICALS",REGN,75886F107,438384.00,212274300.48,2.76
12/29/2020,ARKG,"PURE STORAGE INC - CLASS A",PSTG,74624M102,8380028.00,191651240.36,2.49
12/29/2020,ARKG,"NOVARTIS AG-SPONSORED ADR",NVS,66987V109,2051207.00,191480173.45,2.49
12/29/2020,ARKG,"VERTEX PHARMACEUTICALS INC",VRTX,92532F100,791125.00,184719776.25,2.40
12/29/2020,ARKG,"CELLECTIS - ADR",CLLS,15117K103,6051067.00,173847154.91,2.26
12/29/2020,ARKG,"ARCTURUS THERAPEUTICS HOLDIN","ARCT UQ",03969T109,3944931.00,167107277.16,2.17
12/29/2020,ARKG,"ALPHABET INC-CL A",GOOGL,02079K305,91236.00,160370991.36,2.08
12/29/2020,ARKG,"TAKEDA PHARMACEUTIC-SP ADR","TAK UN",874060205,8199070.00,150288953.10,1.95
12/29/2020,ARKG,"INCYTE CORP",INCY,45337C102,1726835.00,148283321.45,1.93
12/29/2020,ARKG,"EDITAS MEDICINE INC",EDIT,28106W103,1816492.00,136000756.04,1.77
12/29/2020,ARKG,"CASTLE BIOSCIENCES INC",CSTL,14843C105,2004271.00,133945430.93,1.74
12/29/2020,ARKG,"IONIS PHARMACEUTICALS INC",IONS,462222100,2325621.00,132630165.63,1.72
12/29/2020,ARKG,"BERKELEY LIGHTS INC",BLI,084310101,1418960.00,126996920.00,1.65
12/29/2020,ARKG,"INTELLIA THERAPEUTICS INC",NTLA,45826J105,2184178.00,119299802.36,1.55
12/29/2020,ARKG,"SCHRODINGER INC",SDGR,80810D103,1352133.00,107386402.86,1.40
12/29/2020,ARKG,"VERACYTE INC",VCYT,92337F107,2159332.00,105828861.32,1.38
12/29/2020,ARKG,"ACCOLADE INC",ACCD,00437E102,2294180.00,105532280.00,1.37
12/29/2020,ARKG,"BEAM THERAPEUTICS INC",BEAM,07373V105,1096522.00,97228605.74,1.26
12/29/2020,ARKG,"ADAPTIVE BIOTECHNOLOGIES",ADPT,00650F109,1497222.00,88845153.48,1.15
12/29/2020,ARKG,"SERES THERAPEUTICS INC",MCRB,81750R102,3561614.00,87188310.72,1.13
12/29/2020,ARKG,"THERMO FISHER SCIENTIFIC INC",TMO,883556102,183606.00,84983873.16,1.10
12/29/2020,ARKG,"CODEXIS INC",CDXS,192005106,3839168.00,83156378.88,1.08
12/29/2020,ARKG,"AQUABOUNTY TECHNOLOGIES",AQB,03842K200,8640421.00,81133553.19,1.05
12/29/2020,ARKG,"VEEVA SYSTEMS INC-CLASS A",VEEV,922475108,293981.00,81006464.55,1.05
12/29/2020,ARKG,"10X GENOMICS INC-CLASS A",TXG,88025U109,516770.00,73479526.30,0.96
12/29/2020,ARKG,"COMPUGEN LTD",CGEN,M25722105,5735230.00,70944795.10,0.92
12/29/2020,ARKG,"PHREESIA INC",PHR,71944F106,1275251.00,69819992.25,0.91
12/29/2020,ARKG,"NANOSTRING TECHNOLOGIES INC",NSTG,63009R109,987812.00,64267048.72,0.84
12/29/2020,ARKG,"GUARDANT HEALTH INC",GH,40131M109,523590.00,63679015.80,0.83
12/29/2020,ARKG,"CERUS CORP",CERS,157085101,8174256.00,58650286.80,0.76
12/29/2020,ARKG,"SAREPTA THERAPEUTICS INC",SRPT,803607100,235370.00,40441273.40,0.53
12/29/2020,ARKG,"SYROS PHARMACEUTICALS INC",SYRS,87184Q107,3167084.00,35629695.00,0.46
12/29/2020,ARKG,"LONGVIEW ACQUISITION CORP-A",LGVW,543195101,1461282.00,29503283.58,0.38
12/29/2020,ARKG,"PLURISTEM THERAPEUTICS INC",PSTI,72940R300,3690577.00,25907850.54,0.34
12/29/2020,ARKG,"908 DEVICES INC",MASS,65443P102,424746.00,23777281.08,0.31
12/29/2020,ARKG,"SURFACE ONCOLOGY INC",SURF,86877M209,2469682.00,22325925.28,0.29
12/29/2020,ARKG,"EVOGENE LTD",EVGN,M4119S104,4594499.00,22604935.08,0.29
12/29/2020,ARKG,"REPARE THERAPEUTICS INC",RPTX,760273102,598781.00,20436395.53,0.27
12/29/2020,ARKG,"ORGANOVO HOLDINGS INC","ONVO ",68620A203,375102.00,4981354.56,0.06
,,,,,,,
,,,,,,,
"The principal risks of investing in ARK ETFs include equity, market, management and non-diversification risks, as well as fluctuations in market value and net asset value ('NAV'). Investors should carefully consider the investment objectives and risks as well as charges and expenses of an ETF before investing. This and other information are contained in each ETF's prospectus, which may be obtained by contacting the ETF's transfer agent The Bank of New York Mellon or by clicking here. Please read the prospectus carefully before you invest. The market price of ETF shares may differ significantly from their NAV during periods of market volatility. ETF shares may only be redeemed directly with the ETF at NAV by Authorized Participants, in very large creation units. Holdings are subject to change without notice and are not a recommendation to buy or sell any security. There can be no guarantee that an active trading market for ETF shares will develop or be maintained, or that their listing will continue or remain unchanged. Buying or selling ETF shares on an exchange may require the payment of brokerage commissions and frequent trading may incur brokerage costs that detract significantly from investment returns. Copyright 2020, ARK Investment Management LLC. All content is original and has been researched and produced by ARK Investment Management LLC unless otherwise stated. No part of this content may be reproduced in any form, or referred to in any other publication, without the express written permission of ARK Investment Management LLC. All statements made regarding companies, securities or other financial information on this site or any sites or articles relating to ARK Investment Management LLC are strictly beliefs and points of view held by ARK Investment Management and are subject to change without notice. Information contained herein has been obtained from sources believed to be reliable, but not guaranteed. This material has been distributed for informational purposes only and should not be considered as investment advice or a recommendation of any particular security, strategy or investment product.",,,,,,
