date,fund,company,ticker,cusip,shares,"market value($)",weight(%)
12/18/2020,ARKF,"SQUARE INC - A",SQ,852234103,833536.00,196256051.20,11.32
12/18/2020,ARKF,"MERCADOLIBRE INC",MELI,58733R102,49537.00,85385936.16,4.92
12/18/2020,ARKF,"ZILLOW GROUP INC - C",Z,98954M200,577822.00,78121534.40,4.50
12/18/2020,ARKF,"PINTEREST INC- CLASS A",PINS,72352L106,992332.00,69820479.52,4.03
12/18/2020,ARKF,"INTERCONTINENTAL EXCHANGE IN",ICE,45866F104,608948.00,68707602.84,3.96
12/18/2020,ARKF,"ADYEN NV",ADYEN,BZ1HM42,27594.00,65879424.66,3.80
12/18/2020,ARKF,"PAYPAL HOLDINGS INC",PYPL,70450Y103,273465.00,64660799.25,3.73
12/18/2020,ARKF,"SEA LTD-ADR",SE,81141R100,311879.00,62484957.65,3.60
12/18/2020,ARKF,"TENCENT HOLDINGS LTD-UNS ADR",TCEHY,88032Q109,780024.00,58743607.44,3.39
12/18/2020,ARKF,"ALIBABA GROUP HOLDING-SP ADR",BABA,01609W102,183822.00,47793720.00,2.76
12/18/2020,ARKF,"TWILIO INC - A",TWLO,90138F102,128459.00,46891388.77,2.70
12/18/2020,ARKF,"LENDINGTREE INC","TREE UW",52603B107,172402.00,44957269.54,2.59
12/18/2020,ARKF,"MEITUAN-CLASS B",3690,BGJW376,1243015.00,44637043.59,2.57
12/18/2020,ARKF,"SNAP INC - A",SNAP,83304A106,821775.00,43545857.25,2.51
12/18/2020,ARKF,"DOCUSIGN INC",DOCU,256163106,174223.00,41987743.00,2.42
12/18/2020,ARKF,"APPLE INC",AAPL,037833100,293889.00,37222511.30,2.15
12/18/2020,ARKF,"AMAZON.COM INC",AMZN,023135106,11262.00,36056982.30,2.08
12/18/2020,ARKF,"FACEBOOK INC-CLASS A",FB,30303M102,126768.00,35038675.20,2.02
12/18/2020,ARKF,"ZHONGAN ONLINE P&C INSURAN-H",6060,BYZQ099,6738945.00,33161661.08,1.91
12/18/2020,ARKF,"LIGHTSPEED POS INC-SUB VOTE",LSPD,BGHVW01,567396.00,32788993.12,1.89
12/18/2020,ARKF,"Z HOLDINGS CORP",4689,6084848,5468007.00,32311070.74,1.86
12/18/2020,ARKF,"SPLUNK INC",SPLK,848637104,190975.00,31680842.75,1.83
12/18/2020,ARKF,"INTUIT INC",INTU,461202103,76433.00,29052947.63,1.68
12/18/2020,ARKF,"WORKDAY INC-CLASS A",WDAY,98138H101,116383.00,28093692.37,1.62
12/18/2020,ARKF,"SILVERGATE CAPITAL CORP-CL A",SI,82837P408,538532.00,27567453.08,1.59
12/18/2020,ARKF,"SOCIAL CAPITAL HEDOSOPHIA-A",IPOB,G8250T109,872035.00,25725032.50,1.48
12/18/2020,ARKF,"PINDUODUO INC-ADR",PDD,722304102,157952.00,23593290.24,1.36
12/18/2020,ARKF,"GUIDEWIRE SOFTWARE INC",GWRE,40171V100,186428.00,23437728.16,1.35
12/18/2020,ARKF,"TAIWAN SEMICONDUCTOR-SP ADR",TSM,874039100,216412.00,22567443.36,1.30
12/18/2020,ARKF,"SCHWAB (CHARLES) CORP",SCHW,808513105,415839.00,21615311.22,1.25
12/18/2020,ARKF,"DISCOVERY LTD",DSY,6177878,1982520.00,21065168.72,1.21
12/18/2020,ARKF,"SHOPIFY INC - CLASS A",SHOP,82509L107,16504.00,19325523.84,1.11
12/18/2020,ARKF,"INTERACTIVE BROKERS GRO-CL A",IBKR,45841N107,321984.00,19045353.60,1.10
12/18/2020,ARKF,"BASE INC",4477,BKRQ8Q2,188200.00,18871915.99,1.09
12/18/2020,ARKF,"SBI HOLDINGS INC",8473,6309466,618362.00,17937675.21,1.03
12/18/2020,ARKF,"TELADOC HEALTH INC",TDOC,87918A105,90323.00,17734017.82,1.02
12/18/2020,ARKF,"HDFC BANK LTD-ADR",HDB,40415F101,237968.00,16762465.92,0.97
12/18/2020,ARKF,"JD.COM INC-ADR",JD,47215P106,204401.00,16664813.53,0.96
12/18/2020,ARKF,TRANSUNION,TRU,89400J107,163736.00,16268808.96,0.94
12/18/2020,ARKF,"TCS GROUP HOLDING-GDR REG S","TCS LI",87238U203,487950.00,16199940.00,0.93
12/18/2020,ARKF,"LENDINGCLUB CORP",LC,52603A208,1879598.00,15957787.02,0.92
12/18/2020,ARKF,"NVIDIA CORP",NVDA,67066G104,29735.00,15785716.80,0.91
12/18/2020,ARKF,"VERISK ANALYTICS INC",VRSK,92345Y106,66307.00,13557792.29,0.78
12/18/2020,ARKF,"YEAHKA LTD",9923,BL58D39,2774800.00,13010258.43,0.75
12/18/2020,ARKF,"KE HOLDINGS INC",BEKE,482497104,194019.00,12506464.74,0.72
12/18/2020,ARKF,"MARKETAXESS HOLDINGS INC",MKTX,57060D108,14409.00,8341081.92,0.48
12/18/2020,ARKF,"MORGAN STANLEY GOVT INSTL 8035",,X9USDMORS,7300124.42,7300124.42,0.42
12/18/2020,ARKF,"JD HEALTH INTERNATIONAL INC",6618,BMW8R04,120525.00,2299297.34,0.13
12/18/2020,ARKF,"SLACK TECHNOLOGIES INC- CL A",WORK,83088V102,22731.00,972659.49,0.06
12/18/2020,ARKF,"JSC KASPI.KZ GDR-REG S",KSPI,BMXZ8G7,16447.00,898006.20,0.05
12/18/2020,ARKF,EURO,,CCTEUR,312075.96,382183.75,0.02
12/18/2020,ARKF,"JAPANESE YEN",,CCTJPY,28952169.00,280232.00,0.02
12/18/2020,ARKF,"HONG KONG DOLLAR",,CCTHKD,1497838.89,193203.47,0.01
12/18/2020,ARKF,"JAPANESE YEN",,CCTJPY,24126807.00,233526.66,0.01
12/18/2020,ARKF,"HONG KONG DOLLAR",,CCTHKD,2007641.58,258961.98,0.01
12/18/2020,ARKF,"JAPANESE YEN",,CCTJPY,19301446.00,186821.33,0.01
12/18/2020,ARKF,"JAPANESE YEN",,CCTJPY,10794595.00,104482.36,0.01
12/18/2020,ARKF,"SOUTH AFRICAN RAND",,CCTZAR,1786969.97,122752.53,0.01
12/18/2020,ARKF,"ZSCALER INC",ZS,98980G102,985.00,192941.80,0.01
12/18/2020,ARKF,"JAPANESE YEN",,CCTJPY,12438216.00,120391.19,0.01
,,,,,,,
,,,,,,,
"The principal risks of investing in ARK ETFs include equity, market, management and non-diversification risks, as well as fluctuations in market value and net asset value ('NAV'). Investors should carefully consider the investment objectives and risks as well as charges and expenses of an ETF before investing. This and other information are contained in each ETF's prospectus, which may be obtained by contacting the ETF's transfer agent The Bank of New York Mellon or by clicking here. Please read the prospectus carefully before you invest. The market price of ETF shares may differ significantly from their NAV during periods of market volatility. ETF shares may only be redeemed directly with the ETF at NAV by Authorized Participants, in very large creation units. Holdings are subject to change without notice and are not a recommendation to buy or sell any security. There can be no guarantee that an active trading market for ETF shares will develop or be maintained, or that their listing will continue or remain unchanged. Buying or selling ETF shares on an exchange may require the payment of brokerage commissions and frequent trading may incur brokerage costs that detract significantly from investment returns. Copyright 2020, ARK Investment Management LLC. All content is original and has been researched and produced by ARK Investment Management LLC unless otherwise stated. No part of this content may be reproduced in any form, or referred to in any other publication, without the express written permission of ARK Investment Management LLC. All statements made regarding companies, securities or other financial information on this site or any sites or articles relating to ARK Investment Management LLC are strictly beliefs and points of view held by ARK Investment Management and are subject to change without notice. Information contained herein has been obtained from sources believed to be reliable, but not guaranteed. This material has been distributed for informational purposes only and should not be considered as investment advice or a recommendation of any particular security, strategy or investment product.",,,,,,
