date,fund,company,ticker,cusip,shares,"market value($)",weight(%)
11/5/2020,ARKK,"TESLA INC",TSLA,88160R101,2413906.00,1057508079.54,9.70
11/5/2020,ARKK,"INVITAE CORP",NVTA,46185L103,17638071.00,805883463.99,7.39
11/5/2020,ARKK,"SQUARE INC - A",SQ,852234103,3443076.00,603330207.48,5.53
11/5/2020,ARKK,"CRISPR THERAPEUTICS AG",CRSP,H17182108,5799365.00,599306379.10,5.50
11/5/2020,ARKK,"ROKU INC",ROKU,77543R102,2577034.00,579987272.04,5.32
11/5/2020,ARKK,"TELADOC HEALTH INC",TDOC,87918A105,1872169.00,390365958.19,3.58
11/5/2020,ARKK,"SLACK TECHNOLOGIES INC- CL A",WORK,83088V102,12742611.00,349784671.95,3.21
11/5/2020,ARKK,"PROTO LABS INC",PRLB,743713109,2669511.00,348584746.38,3.20
11/5/2020,ARKK,"ZILLOW GROUP INC - C",Z,98954M200,3277922.00,340412199.70,3.12
11/5/2020,ARKK,"2U INC",TWOU,90214J101,8139012.00,323118776.40,2.96
11/5/2020,ARKK,"SERES THERAPEUTICS INC",MCRB,81750R102,8605344.00,303080215.68,2.78
11/5/2020,ARKK,"SPOTIFY TECHNOLOGY SA",SPOT,L8681T102,1174457.00,301107285.66,2.76
11/5/2020,ARKK,"LENDINGTREE INC","TREE UW",52603B107,1016563.00,299886085.00,2.75
11/5/2020,ARKK,"PURE STORAGE INC - CLASS A",PSTG,74624M102,16717976.00,290224063.36,2.66
11/5/2020,ARKK,"IOVANCE BIOTHERAPEUTICS INC",IOVA,462260100,6293157.00,254369405.94,2.33
11/5/2020,ARKK,"PAGERDUTY INC",PD,69553P100,7499427.00,227232638.10,2.08
11/5/2020,ARKK,"EDITAS MEDICINE INC",EDIT,28106W103,7156600.00,225790730.00,2.07
11/5/2020,ARKK,"TWILIO INC - A",TWLO,90138F102,683981.00,210351516.74,1.93
11/5/2020,ARKK,"MATERIALISE NV-ADR",MTLS,57667T100,5340264.00,204959332.32,1.88
11/5/2020,ARKK,"INTELLIA THERAPEUTICS INC",NTLA,45826J105,6838048.00,194747607.04,1.79
11/5/2020,ARKK,"VERACYTE INC",VCYT,92337F107,4437737.00,186429331.37,1.71
11/5/2020,ARKK,"EXACT SCIENCES CORP",EXAS,30063P105,1383105.00,175211741.40,1.61
11/5/2020,ARKK,"TAIWAN SEMICONDUCTOR-SP ADR",TSM,874039100,1891388.00,171038216.84,1.57
11/5/2020,ARKK,"TWIST BIOSCIENCE CORP",TWST,90184D100,1737417.00,167834482.20,1.54
11/5/2020,ARKK,"SPLUNK INC",SPLK,848637104,778127.00,162612980.46,1.49
11/5/2020,ARKK,"COMPUGEN LTD",CGEN,M25722105,10964794.00,154713243.34,1.42
11/5/2020,ARKK,"INTERCONTINENTAL EXCHANGE IN",ICE,45866F104,1409191.00,142271923.36,1.30
11/5/2020,ARKK,"DOCUSIGN INC",DOCU,256163106,581001.00,137563606.77,1.26
11/5/2020,ARKK,"SYNOPSYS INC",SNPS,871607107,500381.00,120371653.36,1.10
11/5/2020,ARKK,"PAYPAL HOLDINGS INC",PYPL,70450Y103,547979.00,112094584.24,1.03
11/5/2020,ARKK,"NANOSTRING TECHNOLOGIES INC",NSTG,63009R109,2852968.00,111265752.00,1.02
11/5/2020,ARKK,"CERUS CORP",CERS,157085101,19261241.00,111137360.57,1.02
11/5/2020,ARKK,"PINTEREST INC- CLASS A",PINS,72352L106,1694749.00,107565719.03,0.99
11/5/2020,ARKK,"HUYA INC-ADR",HUYA,44852D108,4759654.00,107901356.18,0.99
11/5/2020,ARKK,"STRATASYS LTD",SSYS,M85548101,7476938.00,105350056.42,0.97
11/5/2020,ARKK,"ZOOM VIDEO COMMUNICATIONS-A",ZM,98980L101,207771.00,103206088.83,0.95
11/5/2020,ARKK,"IRIDIUM COMMUNICATIONS INC",IRDM,46269C102,3600042.00,103501207.50,0.95
11/5/2020,ARKK,"FACEBOOK INC-CLASS A",FB,30303M102,342205.00,100840969.40,0.92
11/5/2020,ARKK,"PACIFIC BIOSCIENCES OF CALIF",PACB,69404D108,6717765.00,92369268.75,0.85
11/5/2020,ARKK,"TENCENT HOLDINGS LTD-UNS ADR",TCEHY,88032Q109,1022752.00,82669044.16,0.76
11/5/2020,ARKK,"NINTENDO CO LTD-UNSPONS ADR",NTDOY,654445303,1112776.00,80898815.20,0.74
11/5/2020,ARKK,"UNITY SOFTWARE INC",U,91332U101,692786.00,76732977.36,0.70
11/5/2020,ARKK,"ZSCALER INC",ZS,98980G102,497138.00,74605499.66,0.68
11/5/2020,ARKK,"SEA LTD-ADR",SE,81141R100,323392.00,59704631.04,0.55
11/5/2020,ARKK,"SYROS PHARMACEUTICALS INC",SYRS,87184Q107,5109012.00,41434087.32,0.38
11/5/2020,ARKK,"DOUYU INTERNATIONAL HOLD-ADR",DOYU,25985W105,2597865.00,39877227.75,0.37
11/5/2020,ARKK,"MORGAN STANLEY GOVT INSTL 8035",,X9USDMORS,35935935.05,35935935.05,0.33
11/5/2020,ARKK,"EXONE CO/THE",XONE,302104104,1943565.00,20271382.95,0.19
11/5/2020,ARKK,"ORGANOVO HOLDINGS INC","ONVO ",68620A203,837151.00,8672884.36,0.08
,,,,,,,
,,,,,,,
"The principal risks of investing in ARK ETFs include equity, market, management and non-diversification risks, as well as fluctuations in market value and net asset value ('NAV'). Investors should carefully consider the investment objectives and risks as well as charges and expenses of an ETF before investing. This and other information are contained in each ETF's prospectus, which may be obtained by contacting the ETF's transfer agent The Bank of New York Mellon or by clicking here. Please read the prospectus carefully before you invest. The market price of ETF shares may differ significantly from their NAV during periods of market volatility. ETF shares may only be redeemed directly with the ETF at NAV by Authorized Participants, in very large creation units. Holdings are subject to change without notice and are not a recommendation to buy or sell any security. There can be no guarantee that an active trading market for ETF shares will develop or be maintained, or that their listing will continue or remain unchanged. Buying or selling ETF shares on an exchange may require the payment of brokerage commissions and frequent trading may incur brokerage costs that detract significantly from investment returns. Copyright 2020, ARK Investment Management LLC. All content is original and has been researched and produced by ARK Investment Management LLC unless otherwise stated. No part of this content may be reproduced in any form, or referred to in any other publication, without the express written permission of ARK Investment Management LLC. All statements made regarding companies, securities or other financial information on this site or any sites or articles relating to ARK Investment Management LLC are strictly beliefs and points of view held by ARK Investment Management and are subject to change without notice. Information contained herein has been obtained from sources believed to be reliable, but not guaranteed. This material has been distributed for informational purposes only and should not be considered as investment advice or a recommendation of any particular security, strategy or investment product.",,,,,,
