date,fund,company,ticker,cusip,shares,"market value($)",weight(%)
12/24/2020,ARKW,"TESLA INC",TSLA,88160R101,822220.00,544120529.40,10.00
12/24/2020,ARKW,"ROKU INC",ROKU,77543R102,1089714.00,389017000.86,7.15
12/24/2020,ARKW,"SQUARE INC - A",SQ,852234103,1036892.00,236701705.76,4.35
12/24/2020,ARKW,"TELADOC HEALTH INC",TDOC,87918A105,938518.00,195164818.10,3.59
12/24/2020,ARKW,"SPOTIFY TECHNOLOGY SA",SPOT,L8681T102,531510.00,174542568.90,3.21
12/24/2020,ARKW,"GRAYSCALE BITCOIN TRUST BTC",GBTC,389637109,6164244.00,168592073.40,3.10
12/24/2020,ARKW,"PURE STORAGE INC - CLASS A",PSTG,74624M102,6929814.00,166176939.72,3.06
12/24/2020,ARKW,"PINTEREST INC- CLASS A",PINS,72352L106,1887495.00,134087644.80,2.47
12/24/2020,ARKW,"FACEBOOK INC-CLASS A",FB,30303M102,483738.00,129351541.20,2.38
12/24/2020,ARKW,"TWILIO INC - A",TWLO,90138F102,340242.00,123467016.96,2.27
12/24/2020,ARKW,"SNAP INC - A",SNAP,83304A106,2374739.00,119093160.85,2.19
12/24/2020,ARKW,"PAYPAL HOLDINGS INC",PYPL,70450Y103,490479.00,117047908.56,2.15
12/24/2020,ARKW,"PAGERDUTY INC",PD,69553P100,2500593.00,115177313.58,2.12
12/24/2020,ARKW,"SHOPIFY INC - CLASS A",SHOP,82509L107,93330.00,114377781.60,2.10
12/24/2020,ARKW,"FASTLY INC - CLASS A",FSLY,31188V100,1144980.00,111624100.20,2.05
12/24/2020,ARKW,"UNITY SOFTWARE INC",U,91332U101,666925.00,109989271.00,2.02
12/24/2020,ARKW,"ZILLOW GROUP INC - C",Z,98954M200,787335.00,109156124.40,2.01
12/24/2020,ARKW,"SEA LTD-ADR",SE,81141R100,561117.00,108396582.06,1.99
12/24/2020,ARKW,"NETFLIX INC",NFLX,64110L106,205660.00,105703070.20,1.94
12/24/2020,ARKW,"TENCENT HOLDINGS LTD-UNS ADR",TCEHY,88032Q109,1439365.00,100395708.75,1.85
12/24/2020,ARKW,"LENDINGTREE INC","TREE UW",52603B107,360255.00,99952749.75,1.84
12/24/2020,ARKW,"INTERCONTINENTAL EXCHANGE IN",ICE,45866F104,879426.00,99102515.94,1.82
12/24/2020,ARKW,"VERACYTE INC",VCYT,92337F107,1670364.00,93206311.20,1.71
12/24/2020,ARKW,"DOCUSIGN INC",DOCU,256163106,344101.00,84280657.93,1.55
12/24/2020,ARKW,"KE HOLDINGS INC",BEKE,482497104,1283764.00,83881139.76,1.54
12/24/2020,ARKW,"HUYA INC-ADR",HUYA,44852D108,4383121.00,82884818.11,1.52
12/24/2020,ARKW,"OPENDOOR TECHNOLOGIES INC",OPEN,683712103,3006292.00,82222086.20,1.51
12/24/2020,ARKW,"2U INC",TWOU,90214J101,1911052.00,80245073.48,1.48
12/24/2020,ARKW,"TRADE DESK INC/THE -CLASS A",TTD,88339J105,82035.00,76437751.95,1.41
12/24/2020,ARKW,"MERCADOLIBRE INC",MELI,58733R102,45042.00,76142600.16,1.40
12/24/2020,ARKW,"PELOTON INTERACTIVE INC-A",PTON,70614W100,443627.00,72186985.44,1.33
12/24/2020,ARKW,"NINTENDO CO LTD-UNSPONS ADR",NTDOY,654445303,870324.00,68390059.92,1.26
12/24/2020,ARKW,"CROWDSTRIKE HOLDINGS INC - A",CRWD,22788C105,307504.00,67995284.48,1.25
12/24/2020,ARKW,"AGORA INC-ADR",API,00851L103,1578604.00,66964381.68,1.23
12/24/2020,ARKW,"CLOUDFLARE INC - CLASS A",NET,18915M107,728964.00,61947360.72,1.14
12/24/2020,ARKW,"HUBSPOT INC",HUBS,443573100,144046.00,59744518.96,1.10
12/24/2020,ARKW,"ZOOM VIDEO COMMUNICATIONS-A",ZM,98980L101,154598.00,58000531.66,1.07
12/24/2020,ARKW,"TAIWAN SEMICONDUCTOR-SP ADR",TSM,874039100,547697.00,58039451.09,1.07
12/24/2020,ARKW,"SPLUNK INC",SPLK,848637104,321677.00,57966195.40,1.07
12/24/2020,ARKW,"JD.COM INC-ADR",JD,47215P106,666903.00,56346634.47,1.04
12/24/2020,ARKW,"APPLE INC",AAPL,037833100,425178.00,56110740.66,1.03
12/24/2020,ARKW,"ADYEN NV-UNSPON ADR",ADYEY,00783V104,1133988.00,54669561.48,1.01
12/24/2020,ARKW,"NVIDIA CORP",NVDA,67066G104,104619.00,54375725.25,1.00
12/24/2020,ARKW,"ADOBE INC",ADBE,00724F101,108212.00,54090850.32,0.99
12/24/2020,ARKW,"ATLASSIAN CORP PLC-CLASS A",TEAM,G06242104,220556.00,53328235.24,0.98
12/24/2020,ARKW,"SALESFORCE.COM INC",CRM,79466L302,224542.00,50697092.76,0.93
12/24/2020,ARKW,"OKTA INC",OKTA,679295105,183865.00,50673194.00,0.93
12/24/2020,ARKW,"ALIBABA GROUP HOLDING-SP ADR",BABA,01609W102,215616.00,47866752.00,0.88
12/24/2020,ARKW,"SYNOPSYS INC",SNPS,871607107,183095.00,46923586.60,0.86
12/24/2020,ARKW,"LENDINGCLUB CORP",LC,52603A208,4673794.00,41222863.08,0.76
12/24/2020,ARKW,"PALANTIR TECHNOLOGIES INC-A",PLTR,69608A108,1324441.00,36753237.75,0.68
12/24/2020,ARKW,"MORGAN STANLEY GOVT INSTL 8035",,X9USDMORS,33924492.01,33924492.01,0.62
,,,,,,,
,,,,,,,
"The principal risks of investing in ARK ETFs include equity, market, management and non-diversification risks, as well as fluctuations in market value and net asset value ('NAV'). Investors should carefully consider the investment objectives and risks as well as charges and expenses of an ETF before investing. This and other information are contained in each ETF's prospectus, which may be obtained by contacting the ETF's transfer agent The Bank of New York Mellon or by clicking here. Please read the prospectus carefully before you invest. The market price of ETF shares may differ significantly from their NAV during periods of market volatility. ETF shares may only be redeemed directly with the ETF at NAV by Authorized Participants, in very large creation units. Holdings are subject to change without notice and are not a recommendation to buy or sell any security. There can be no guarantee that an active trading market for ETF shares will develop or be maintained, or that their listing will continue or remain unchanged. Buying or selling ETF shares on an exchange may require the payment of brokerage commissions and frequent trading may incur brokerage costs that detract significantly from investment returns. Copyright 2020, ARK Investment Management LLC. All content is original and has been researched and produced by ARK Investment Management LLC unless otherwise stated. No part of this content may be reproduced in any form, or referred to in any other publication, without the express written permission of ARK Investment Management LLC. All statements made regarding companies, securities or other financial information on this site or any sites or articles relating to ARK Investment Management LLC are strictly beliefs and points of view held by ARK Investment Management and are subject to change without notice. Information contained herein has been obtained from sources believed to be reliable, but not guaranteed. This material has been distributed for informational purposes only and should not be considered as investment advice or a recommendation of any particular security, strategy or investment product.",,,,,,
