date,fund,company,ticker,cusip,shares,"market value($)",weight(%)
12/30/2020,ARKF,"SQUARE INC - A",SQ,852234103,910805.00,201324337.20,10.05
12/30/2020,ARKF,"MERCADOLIBRE INC",MELI,58733R102,53291.00,91284285.54,4.56
12/30/2020,ARKF,"ZILLOW GROUP INC - C",Z,98954M200,662586.00,86507228.16,4.32
12/30/2020,ARKF,"INTERCONTINENTAL EXCHANGE IN",ICE,45866F104,698257.00,79007779.55,3.94
12/30/2020,ARKF,"TENCENT HOLDINGS LTD-UNS ADR",TCEHY,88032Q109,1075221.00,77114850.12,3.85
12/30/2020,ARKF,"PINTEREST INC- CLASS A",PINS,72352L106,1137858.00,76395786.12,3.81
12/30/2020,ARKF,"ADYEN NV",ADYEN,BZ1HM42,31634.00,73877601.19,3.69
12/30/2020,ARKF,"PAYPAL HOLDINGS INC",PYPL,70450Y103,313587.00,72598526.37,3.62
12/30/2020,ARKF,"SEA LTD-ADR",SE,81141R100,357632.00,70364096.00,3.51
12/30/2020,ARKF,"ALIBABA GROUP HOLDING-SP ADR",BABA,01609W102,248481.00,59235385.59,2.96
12/30/2020,ARKF,"MEITUAN-CLASS B",3690,BGJW376,1424815.00,52896861.11,2.64
12/30/2020,ARKF,"AMAZON.COM INC",AMZN,023135106,15926.00,52330447.10,2.61
12/30/2020,ARKF,"TWILIO INC - A",TWLO,90138F102,147346.00,51506267.76,2.57
12/30/2020,ARKF,"LENDINGTREE INC","TREE UW",52603B107,172402.00,47396757.84,2.37
12/30/2020,ARKF,"SNAP INC - A",SNAP,83304A106,942318.00,46503393.30,2.32
12/30/2020,ARKF,"SILVERGATE CAPITAL CORP-CL A",SI,82837P408,617539.00,45815218.41,2.29
12/30/2020,ARKF,"LIGHTSPEED POS INC-SUB VOTE",LSPD,BGHVW01,648196.00,45278247.70,2.26
12/30/2020,ARKF,"APPLE INC",AAPL,037833100,337016.00,45065779.52,2.25
12/30/2020,ARKF,"DOCUSIGN INC",DOCU,256163106,199776.00,45129398.40,2.25
12/30/2020,ARKF,"SHOPIFY INC - CLASS A",SHOP,82509L107,35438.00,41214394.00,2.06
12/30/2020,ARKF,"FACEBOOK INC-CLASS A",FB,30303M102,145352.00,39516848.24,1.97
12/30/2020,ARKF,"WORKDAY INC-CLASS A",WDAY,98138H101,163133.00,38651101.69,1.93
12/30/2020,ARKF,"Z HOLDINGS CORP",4689,6084848,6272007.00,37924187.00,1.89
12/30/2020,ARKF,"SPLUNK INC",SPLK,848637104,218977.00,37747255.26,1.88
12/30/2020,ARKF,"ZHONGAN ONLINE P&C INSURAN-H",6060,BYZQ099,7728745.00,35093951.83,1.75
12/30/2020,ARKF,"INTUIT INC",INTU,461202103,87644.00,32914704.20,1.64
12/30/2020,ARKF,"PINDUODUO INC-ADR",PDD,722304102,181117.00,32439865.87,1.62
12/30/2020,ARKF,"GUIDEWIRE SOFTWARE INC",GWRE,40171V100,213799.00,27419721.75,1.37
12/30/2020,ARKF,"TAIWAN SEMICONDUCTOR-SP ADR",TSM,874039100,248151.00,27023643.90,1.35
12/30/2020,ARKF,"SCHWAB (CHARLES) CORP",SCHW,808513105,476868.00,24992651.88,1.25
12/30/2020,ARKF,"DISCOVERY LTD",DSY,6177878,2273284.00,24446152.10,1.22
12/30/2020,ARKF,"JD.COM INC-ADR",JD,47215P106,270154.00,24184186.08,1.21
12/30/2020,ARKF,"OPENDOOR TECHNOLOGIES INC",OPEN,683712103,984841.00,23902091.07,1.19
12/30/2020,ARKF,"KE HOLDINGS INC",BEKE,482497104,338481.00,21601857.42,1.08
12/30/2020,ARKF,"TCS GROUP HOLDING-GDR REG S","TCS LI",87238U203,663534.00,21100381.20,1.05
12/30/2020,ARKF,"TELADOC HEALTH INC",TDOC,87918A105,103554.00,21080487.78,1.05
12/30/2020,ARKF,"NVIDIA CORP",NVDA,67066G104,39550.00,20796576.50,1.04
12/30/2020,ARKF,"BASE INC",4477,BKRQ8Q2,218500.00,20651333.95,1.03
12/30/2020,ARKF,"YEAHKA LTD",9923,BL58D39,4179200.00,20378189.14,1.02
12/30/2020,ARKF,"HDFC BANK LTD-ADR",HDB,40415F101,272878.00,19647216.00,0.98
12/30/2020,ARKF,"U.S. DOLLAR",,CCTUSD,16165747.96,16165747.96,0.81
12/30/2020,ARKF,"LENDINGCLUB CORP",LC,52603A208,1879598.00,15732235.26,0.79
12/30/2020,ARKF,"VERISK ANALYTICS INC",VRSK,92345Y106,76003.00,15639897.34,0.78
12/30/2020,ARKF,"MORGAN STANLEY GOVT INSTL 8035",,X9USDMORS,14357537.06,14357537.06,0.72
12/30/2020,ARKF,"MARKETAXESS HOLDINGS INC",MKTX,57060D108,16530.00,9294323.10,0.46
12/30/2020,ARKF,"JSC KASPI.KZ GDR-REG S",KSPI,BMXZ8G7,38548.00,2575006.40,0.13
12/30/2020,ARKF,"JD HEALTH INTERNATIONAL INC",6618,BMW8R04,6925.00,135425.24,0.01
12/30/2020,ARKF,"JAPANESE YEN",,CCTJPY,30015000.00,290659.95,0.01
12/30/2020,ARKF,"JAPANESE YEN",,CCTJPY,15007500.00,145329.98,0.01
12/30/2020,ARKF,"SBI HOLDINGS INC",8473,6309466,9900.00,234593.52,0.01
,,,,,,,
,,,,,,,
"The principal risks of investing in ARK ETFs include equity, market, management and non-diversification risks, as well as fluctuations in market value and net asset value ('NAV'). Investors should carefully consider the investment objectives and risks as well as charges and expenses of an ETF before investing. This and other information are contained in each ETF's prospectus, which may be obtained by contacting the ETF's transfer agent The Bank of New York Mellon or by clicking here. Please read the prospectus carefully before you invest. The market price of ETF shares may differ significantly from their NAV during periods of market volatility. ETF shares may only be redeemed directly with the ETF at NAV by Authorized Participants, in very large creation units. Holdings are subject to change without notice and are not a recommendation to buy or sell any security. There can be no guarantee that an active trading market for ETF shares will develop or be maintained, or that their listing will continue or remain unchanged. Buying or selling ETF shares on an exchange may require the payment of brokerage commissions and frequent trading may incur brokerage costs that detract significantly from investment returns. Copyright 2020, ARK Investment Management LLC. All content is original and has been researched and produced by ARK Investment Management LLC unless otherwise stated. No part of this content may be reproduced in any form, or referred to in any other publication, without the express written permission of ARK Investment Management LLC. All statements made regarding companies, securities or other financial information on this site or any sites or articles relating to ARK Investment Management LLC are strictly beliefs and points of view held by ARK Investment Management and are subject to change without notice. Information contained herein has been obtained from sources believed to be reliable, but not guaranteed. This material has been distributed for informational purposes only and should not be considered as investment advice or a recommendation of any particular security, strategy or investment product.",,,,,,
