date,fund,company,ticker,cusip,shares,"market value($)",weight(%)
1/25/2021,ARKK,"TESLA INC",TSLA,88160R101,2601069.00,2291021575.20,9.44
1/25/2021,ARKK,"ROKU INC",ROKU,77543R102,4204266.00,1793708046.24,7.39
1/25/2021,ARKK,"TELADOC HEALTH INC",TDOC,87918A105,4516409.00,1296615859.81,5.34
1/25/2021,ARKK,"CRISPR THERAPEUTICS AG",CRSP,H17182108,6070635.00,1100241887.40,4.53
1/25/2021,ARKK,"SQUARE INC - A",SQ,852234103,4987429.00,1080476618.56,4.45
1/25/2021,ARKK,"INVITAE CORP",NVTA,46185L103,17456809.00,911769134.07,3.76
1/25/2021,ARKK,"ZILLOW GROUP INC - C",Z,98954M200,4896994.00,719172538.84,2.96
1/25/2021,ARKK,"BAIDU INC - SPON ADR",BIDU,056752108,2729573.00,695686270.51,2.87
1/25/2021,ARKK,"SPOTIFY TECHNOLOGY SA",SPOT,L8681T102,1983300.00,661648713.00,2.73
1/25/2021,ARKK,"PROTO LABS INC",PRLB,743713109,3157475.00,656344328.25,2.70
1/25/2021,ARKK,"TENCENT HOLDINGS LTD-UNS ADR",TCEHY,88032Q109,5926441.00,568938336.00,2.34
1/25/2021,ARKK,"SHOPIFY INC - CLASS A",SHOP,82509L107,450307.00,543034217.44,2.24
1/25/2021,ARKK,"TWIST BIOSCIENCE CORP",TWST,90184D100,2901821.00,539854778.84,2.22
1/25/2021,ARKK,"PAYPAL HOLDINGS INC",PYPL,70450Y103,2159433.00,534999525.75,2.20
1/25/2021,ARKK,"EXACT SCIENCES CORP",EXAS,30063P105,3385829.00,521180657.97,2.15
1/25/2021,ARKK,"PURE STORAGE INC - CLASS A",PSTG,74624M102,22255488.00,517217541.12,2.13
1/25/2021,ARKK,"TWILIO INC - A",TWLO,90138F102,1331366.00,505919080.00,2.08
1/25/2021,ARKK,"ZOOM VIDEO COMMUNICATIONS-A",ZM,98980L101,1275627.00,499828927.41,2.06
1/25/2021,ARKK,"TAIWAN SEMICONDUCTOR-SP ADR",TSM,874039100,3723171.00,485948278.92,2.00
1/25/2021,ARKK,"IOVANCE BIOTHERAPEUTICS INC",IOVA,462260100,10042069.00,467056629.19,1.92
1/25/2021,ARKK,"DOCUSIGN INC",DOCU,256163106,1893067.00,462665574.80,1.91
1/25/2021,ARKK,"INTELLIA THERAPEUTICS INC",NTLA,45826J105,6456860.00,461019804.00,1.90
1/25/2021,ARKK,"EDITAS MEDICINE INC",EDIT,28106W103,6655763.00,435752803.61,1.79
1/25/2021,ARKK,"MATERIALISE NV-ADR",MTLS,57667T100,6006937.00,411234907.02,1.69
1/25/2021,ARKK,"LENDINGTREE INC","TREE UW",52603B107,1224240.00,401562962.40,1.65
1/25/2021,ARKK,"PAGERDUTY INC",PD,69553P100,7552637.00,362904207.85,1.49
1/25/2021,ARKK,"KE HOLDINGS INC",BEKE,482497104,5050347.00,357564567.60,1.47
1/25/2021,ARKK,"2U INC",TWOU,90214J101,8055366.00,348072364.86,1.43
1/25/2021,ARKK,"INTERCONTINENTAL EXCHANGE IN",ICE,45866F104,3020338.00,339667211.48,1.40
1/25/2021,ARKK,"NINTENDO CO LTD-UNSPONS ADR",NTDOY,654445303,3861846.00,293500296.00,1.21
1/25/2021,ARKK,"SEA LTD-ADR",SE,81141R100,1255161.00,287030217.48,1.18
1/25/2021,ARKK,"STRATASYS LTD",SSYS,M85548101,7049806.00,281992240.00,1.16
1/25/2021,ARKK,"UNITY SOFTWARE INC",U,91332U101,1816449.00,275246516.97,1.13
1/25/2021,ARKK,"IRIDIUM COMMUNICATIONS INC",IRDM,46269C102,5497654.00,269385046.00,1.11
1/25/2021,ARKK,"VERACYTE INC",VCYT,92337F107,4841473.00,268120774.74,1.10
1/25/2021,ARKK,"10X GENOMICS INC-CLASS A",TXG,88025U109,1437226.00,263371664.50,1.08
1/25/2021,ARKK,"PACIFIC BIOSCIENCES OF CALIF",PACB,69404D108,7257224.00,260897202.80,1.07
1/25/2021,ARKK,"REGENERON PHARMACEUTICALS",REGN,75886F107,474278.00,259999199.60,1.07
1/25/2021,ARKK,"PINTEREST INC- CLASS A",PINS,72352L106,3207369.00,235324663.53,0.97
1/25/2021,ARKK,"SYNOPSYS INC",SNPS,871607107,858942.00,231596531.46,0.95
1/25/2021,ARKK,"SPLUNK INC",SPLK,848637104,1225825.00,210731575.75,0.87
1/25/2021,ARKK,"SERES THERAPEUTICS INC",MCRB,81750R102,8038025.00,199664541.00,0.82
1/25/2021,ARKK,"HUYA INC-ADR",HUYA,44852D108,6879589.00,171920929.11,0.71
1/25/2021,ARKK,"CERUS CORP",CERS,157085101,19063301.00,138780831.28,0.57
1/25/2021,ARKK,"MORGAN STANLEY GOVT INSTL 8035",,X9USDMORS,133090479.41,133090479.41,0.55
1/25/2021,ARKK,"NANOSTRING TECHNOLOGIES INC",NSTG,63009R109,1654979.00,127483032.37,0.53
1/25/2021,ARKK,"COMPUGEN LTD",CGEN,M25722105,10029658.00,126875173.70,0.52
1/25/2021,ARKK,"NOVARTIS AG-SPONSORED ADR",NVS,66987V109,1242436.00,122342672.92,0.50
1/25/2021,ARKK,"SYROS PHARMACEUTICALS INC",SYRS,87184Q107,5056505.00,61790491.10,0.25
1/25/2021,ARKK,"PACCAR INC",PCAR,693718108,542683.00,53147659.61,0.22
1/25/2021,ARKK,"FATE THERAPEUTICS INC",FATE,31189P102,284314.00,27333947.96,0.11
1/25/2021,ARKK,"ORGANOVO HOLDINGS INC","ONVO ",68620A203,513313.00,7407106.59,0.03
,,,,,,,
,,,,,,,
"The principal risks of investing in ARK ETFs include equity, market, management and non-diversification risks, as well as fluctuations in market value and net asset value ('NAV'). Investors should carefully consider the investment objectives and risks as well as charges and expenses of an ETF before investing. This and other information are contained in each ETF's prospectus, which may be obtained by contacting the ETF's transfer agent The Bank of New York Mellon or by clicking here. Please read the prospectus carefully before you invest. The market price of ETF shares may differ significantly from their NAV during periods of market volatility. ETF shares may only be redeemed directly with the ETF at NAV by Authorized Participants, in very large creation units. Holdings are subject to change without notice and are not a recommendation to buy or sell any security. There can be no guarantee that an active trading market for ETF shares will develop or be maintained, or that their listing will continue or remain unchanged. Buying or selling ETF shares on an exchange may require the payment of brokerage commissions and frequent trading may incur brokerage costs that detract significantly from investment returns. Copyright 2021, ARK Investment Management LLC. All content is original and has been researched and produced by ARK Investment Management LLC unless otherwise stated. No part of this content may be reproduced in any form, or referred to in any other publication, without the express written permission of ARK Investment Management LLC. All statements made regarding companies, securities or other financial information on this site or any sites or articles relating to ARK Investment Management LLC are strictly beliefs and points of view held by ARK Investment Management and are subject to change without notice. Information contained herein has been obtained from sources believed to be reliable, but not guaranteed. This material has been distributed for informational purposes only and should not be considered as investment advice or a recommendation of any particular security, strategy or investment product.",,,,,,
