date,fund,company,ticker,cusip,shares,"market value($)",weight(%)
1/11/2021,ARKK,"TESLA INC",TSLA,88160R101,2652655.00,2151807209.45,10.30
1/11/2021,ARKK,"ROKU INC",ROKU,77543R102,3954968.00,1594366249.84,7.63
1/11/2021,ARKK,"CRISPR THERAPEUTICS AG",CRSP,H17182108,6327406.00,1195120445.28,5.72
1/11/2021,ARKK,"SQUARE INC - A",SQ,852234103,4595114.00,1036198207.00,4.96
1/11/2021,ARKK,"TELADOC HEALTH INC",TDOC,87918A105,4161249.00,919053454.14,4.40
1/11/2021,ARKK,"INVITAE CORP",NVTA,46185L103,17456809.00,801965805.46,3.84
1/11/2021,ARKK,"ZILLOW GROUP INC - C",Z,98954M200,4511843.00,646050799.17,3.09
1/11/2021,ARKK,"PROTO LABS INC",PRLB,743713109,3157475.00,574123679.25,2.75
1/11/2021,ARKK,"SPOTIFY TECHNOLOGY SA",SPOT,L8681T102,1652381.00,568534730.67,2.72
1/11/2021,ARKK,"PURE STORAGE INC - CLASS A",PSTG,74624M102,22255488.00,523671632.64,2.51
1/11/2021,ARKK,"EDITAS MEDICINE INC",EDIT,28106W103,6655763.00,512094405.22,2.45
1/11/2021,ARKK,"IOVANCE BIOTHERAPEUTICS INC",IOVA,462260100,9252214.00,472695613.26,2.26
1/11/2021,ARKK,"INTELLIA THERAPEUTICS INC",NTLA,45826J105,6456860.00,469930270.80,2.25
1/11/2021,ARKK,"TWIST BIOSCIENCE CORP",TWST,90184D100,2673541.00,455330767.71,2.18
1/11/2021,ARKK,"BAIDU INC - SPON ADR",BIDU,056752108,2065270.00,453430028.50,2.17
1/11/2021,ARKK,"EXACT SCIENCES CORP",EXAS,30063P105,3119570.00,449218080.00,2.15
1/11/2021,ARKK,"TWILIO INC - A",TWLO,90138F102,1226586.00,444036397.86,2.12
1/11/2021,ARKK,"SHOPIFY INC - CLASS A",SHOP,82509L107,349801.00,411939649.64,1.97
1/11/2021,ARKK,"DOCUSIGN INC",DOCU,256163106,1616793.00,389582441.28,1.86
1/11/2021,ARKK,"PAYPAL HOLDINGS INC",PYPL,70450Y103,1634960.00,388303000.00,1.86
1/11/2021,ARKK,"MATERIALISE NV-ADR",MTLS,57667T100,6006937.00,385104731.07,1.84
1/11/2021,ARKK,"TAIWAN SEMICONDUCTOR-SP ADR",TSM,874039100,2925541.00,358671326.60,1.72
1/11/2021,ARKK,"2U INC",TWOU,90214J101,8055366.00,349602884.40,1.67
1/11/2021,ARKK,"PAGERDUTY INC",PD,69553P100,7552637.00,331711817.04,1.59
1/11/2021,ARKK,"LENDINGTREE INC","TREE UW",52603B107,1224240.00,330250982.40,1.58
1/11/2021,ARKK,"INTERCONTINENTAL EXCHANGE IN",ICE,45866F104,2782761.00,327391831.65,1.57
1/11/2021,ARKK,"KE HOLDINGS INC",BEKE,482497104,4653092.00,299147284.68,1.43
1/11/2021,ARKK,"ZOOM VIDEO COMMUNICATIONS-A",ZM,98980L101,858536.00,289936192.56,1.39
1/11/2021,ARKK,"TENCENT HOLDINGS LTD-UNS ADR",TCEHY,88032Q109,3668128.00,277860696.00,1.33
1/11/2021,ARKK,"NINTENDO CO LTD-UNSPONS ADR",NTDOY,654445303,3258441.00,258361786.89,1.24
1/11/2021,ARKK,"PACIFIC BIOSCIENCES OF CALIF",PACB,69404D108,7257224.00,248632494.24,1.19
1/11/2021,ARKK,"VERACYTE INC",VCYT,92337F107,4841473.00,241395843.78,1.15
1/11/2021,ARKK,"UNITY SOFTWARE INC",U,91332U101,1673581.00,236828447.31,1.13
1/11/2021,ARKK,"MORGAN STANLEY GOVT INSTL 8035",,X9USDMORS,228578974.51,228578974.51,1.09
1/11/2021,ARKK,"SERES THERAPEUTICS INC",MCRB,81750R102,8266837.00,221468563.23,1.06
1/11/2021,ARKK,"IRIDIUM COMMUNICATIONS INC",IRDM,46269C102,5065220.00,218057721.00,1.04
1/11/2021,ARKK,"STRATASYS LTD",SSYS,M85548101,7049806.00,207969277.00,1.00
1/11/2021,ARKK,"SEA LTD-ADR",SE,81141R100,914403.00,191165091.18,0.91
1/11/2021,ARKK,"SPLUNK INC",SPLK,848637104,1129365.00,188050566.15,0.90
1/11/2021,ARKK,"SYNOPSYS INC",SNPS,871607107,703892.00,183314593.56,0.88
1/11/2021,ARKK,"PINTEREST INC- CLASS A",PINS,72352L106,2384572.00,170973812.40,0.82
1/11/2021,ARKK,"NANOSTRING TECHNOLOGIES INC",NSTG,63009R109,2438310.00,168340922.40,0.81
1/11/2021,ARKK,"10X GENOMICS INC-CLASS A",TXG,88025U109,845694.00,141653745.00,0.68
1/11/2021,ARKK,"HUYA INC-ADR",HUYA,44852D108,6697052.00,139030799.52,0.67
1/11/2021,ARKK,"CERUS CORP",CERS,157085101,19063301.00,137637033.22,0.66
1/11/2021,ARKK,"COMPUGEN LTD",CGEN,M25722105,10659908.00,134528038.96,0.64
1/11/2021,ARKK,"SYROS PHARMACEUTICALS INC",SYRS,87184Q107,5056505.00,61032015.35,0.29
1/11/2021,ARKK,"NOVARTIS AG-SPONSORED ADR",NVS,66987V109,493061.00,46540027.79,0.22
1/11/2021,ARKK,"REGENERON PHARMACEUTICALS",REGN,75886F107,63098.00,31733246.16,0.15
1/11/2021,ARKK,"FATE THERAPEUTICS INC",FATE,31189P102,261954.00,29341467.54,0.14
1/11/2021,ARKK,"ORGANOVO HOLDINGS INC","ONVO ",68620A203,768464.00,9421368.64,0.05
,,,,,,,
,,,,,,,
"The principal risks of investing in ARK ETFs include equity, market, management and non-diversification risks, as well as fluctuations in market value and net asset value ('NAV'). Investors should carefully consider the investment objectives and risks as well as charges and expenses of an ETF before investing. This and other information are contained in each ETF's prospectus, which may be obtained by contacting the ETF's transfer agent The Bank of New York Mellon or by clicking here. Please read the prospectus carefully before you invest. The market price of ETF shares may differ significantly from their NAV during periods of market volatility. ETF shares may only be redeemed directly with the ETF at NAV by Authorized Participants, in very large creation units. Holdings are subject to change without notice and are not a recommendation to buy or sell any security. There can be no guarantee that an active trading market for ETF shares will develop or be maintained, or that their listing will continue or remain unchanged. Buying or selling ETF shares on an exchange may require the payment of brokerage commissions and frequent trading may incur brokerage costs that detract significantly from investment returns. Copyright 2021, ARK Investment Management LLC. All content is original and has been researched and produced by ARK Investment Management LLC unless otherwise stated. No part of this content may be reproduced in any form, or referred to in any other publication, without the express written permission of ARK Investment Management LLC. All statements made regarding companies, securities or other financial information on this site or any sites or articles relating to ARK Investment Management LLC are strictly beliefs and points of view held by ARK Investment Management and are subject to change without notice. Information contained herein has been obtained from sources believed to be reliable, but not guaranteed. This material has been distributed for informational purposes only and should not be considered as investment advice or a recommendation of any particular security, strategy or investment product.",,,,,,
