date,fund,company,ticker,cusip,shares,"market value($)",weight(%)
1/11/2021,ARKG,"PACIFIC BIOSCIENCES OF CALIF",PACB,69404D108,19341312.00,662633349.12,6.96
1/11/2021,ARKG,"TELADOC HEALTH INC",TDOC,87918A105,2687892.00,593647827.12,6.24
1/11/2021,ARKG,"TWIST BIOSCIENCE CORP",TWST,90184D100,3304781.00,562837252.11,5.91
1/11/2021,ARKG,"CRISPR THERAPEUTICS AG",CRSP,H17182108,2717981.00,513372251.28,5.39
1/11/2021,ARKG,"CAREDX INC",CDNA,14167L103,4457140.00,359646626.60,3.78
1/11/2021,ARKG,"FATE THERAPEUTICS INC",FATE,31189P102,3183784.00,356615645.84,3.75
1/11/2021,ARKG,"REGENERON PHARMACEUTICALS",REGN,75886F107,701353.00,352724450.76,3.71
1/11/2021,ARKG,"IOVANCE BIOTHERAPEUTICS INC",IOVA,462260100,6457493.00,329913317.37,3.47
1/11/2021,ARKG,"EXACT SCIENCES CORP",EXAS,30063P105,2256529.00,324940176.00,3.41
1/11/2021,ARKG,"ROCHE HOLDINGS LTD-SPONS ADR",RHHBY,771195104,6583385.00,288549764.55,3.03
1/11/2021,ARKG,"INVITAE CORP",NVTA,46185L103,6180483.00,283931389.02,2.98
1/11/2021,ARKG,"ARCTURUS THERAPEUTICS HOLDIN","ARCT UQ",03969T109,3935339.00,274175068.13,2.88
1/11/2021,ARKG,"PERSONALIS INC",PSNL,71535D106,6739994.00,255647972.42,2.69
1/11/2021,ARKG,"NOVARTIS AG-SPONSORED ADR",NVS,66987V109,2563117.00,241932613.63,2.54
1/11/2021,ARKG,"VERTEX PHARMACEUTICALS INC",VRTX,92532F100,993265.00,233059699.60,2.45
1/11/2021,ARKG,"TAKEDA PHARMACEUTIC-SP ADR","TAK UN",874060205,11829668.00,216719517.76,2.28
1/11/2021,ARKG,"PURE STORAGE INC - CLASS A",PSTG,74624M102,8710400.00,204955712.00,2.15
1/11/2021,ARKG,"INCYTE CORP",INCY,45337C102,1956007.00,182534573.24,1.92
1/11/2021,ARKG,"ALPHABET INC-CL A",GOOGL,02079K305,103320.00,181459882.80,1.91
1/11/2021,ARKG,"BERKELEY LIGHTS INC",BLI,084310101,1995446.00,178113509.96,1.87
1/11/2021,ARKG,"MORGAN STANLEY GOVT INSTL 8035",,X9USDMORS,175787416.48,175787416.48,1.85
1/11/2021,ARKG,"CASTLE BIOSCIENCES INC",CSTL,14843C105,2270315.00,173724503.80,1.83
1/11/2021,ARKG,"CELLECTIS - ADR",CLLS,15117K103,6036351.00,166241106.54,1.75
1/11/2021,ARKG,"IONIS PHARMACEUTICALS INC",IONS,462222100,2634277.00,163588601.70,1.72
1/11/2021,ARKG,"INTELLIA THERAPEUTICS INC",NTLA,45826J105,2178866.00,158577867.48,1.67
1/11/2021,ARKG,"EDITAS MEDICINE INC",EDIT,28106W103,1812076.00,139421127.44,1.47
1/11/2021,ARKG,"SCHRODINGER INC",SDGR,80810D103,1531485.00,133989622.65,1.41
1/11/2021,ARKG,"ACCOLADE INC",ACCD,00437E102,2677395.00,124713059.10,1.31
1/11/2021,ARKG,"VEEVA SYSTEMS INC-CLASS A",VEEV,922475108,409260.00,117813676.20,1.24
1/11/2021,ARKG,"BEAM THERAPEUTICS INC",BEAM,07373V105,1242066.00,116853569.28,1.23
1/11/2021,ARKG,"VERACYTE INC",VCYT,92337F107,2154080.00,107402428.80,1.13
1/11/2021,ARKG,"ADAPTIVE BIOTECHNOLOGIES",ADPT,00650F109,1695866.00,106483426.14,1.12
1/11/2021,ARKG,"THERMO FISHER SCIENTIFIC INC",TMO,883556102,207986.00,106769613.10,1.12
1/11/2021,ARKG,"SAREPTA THERAPEUTICS INC",SRPT,803607100,1123141.00,100813136.16,1.06
1/11/2021,ARKG,"CODEXIS INC",CDXS,192005106,4348646.00,98540318.36,1.04
1/11/2021,ARKG,"10X GENOMICS INC-CLASS A",TXG,88025U109,585458.00,98064215.00,1.03
1/11/2021,ARKG,"SERES THERAPEUTICS INC",MCRB,81750R102,3552954.00,95183637.66,1.00
1/11/2021,ARKG,"GUARDANT HEALTH INC",GH,40131M109,593126.00,91679485.82,0.96
1/11/2021,ARKG,"PHREESIA INC",PHR,71944F106,1444427.00,83198995.20,0.87
1/11/2021,ARKG,"AQUABOUNTY TECHNOLOGIES",AQB,03842K200,8619409.00,78091845.54,0.82
1/11/2021,ARKG,"NANOSTRING TECHNOLOGIES INC",NSTG,63009R109,1118870.00,77246784.80,0.81
1/11/2021,ARKG,"COMPUGEN LTD",CGEN,M25722105,5721282.00,72202578.84,0.76
1/11/2021,ARKG,"CERUS CORP",CERS,157085101,8154380.00,58874623.60,0.62
1/11/2021,ARKG,"BRISTOL-MYERS SQUIBB CO",BMY,110122108,700044.00,45481858.68,0.48
1/11/2021,ARKG,"SYROS PHARMACEUTICALS INC",SYRS,87184Q107,3159384.00,38133764.88,0.40
1/11/2021,ARKG,"REPARE THERAPEUTICS INC",RPTX,760273102,858284.00,36176670.60,0.38
1/11/2021,ARKG,"SURFACE ONCOLOGY INC",SURF,86877M209,3018112.00,33983941.12,0.36
1/11/2021,ARKG,"LONGVIEW ACQUISITION CORP-A",LGVW,543195101,1655320.00,33222272.40,0.35
1/11/2021,ARKG,"PLURISTEM THERAPEUTICS INC",PSTI,72940R300,3836111.00,32568582.39,0.34
1/11/2021,ARKG,"908 DEVICES INC",MASS,65443P102,481138.00,27246844.94,0.29
1/11/2021,ARKG,"EVOGENE LTD",EVGN,M4119S104,4583323.00,22274949.78,0.23
1/11/2021,ARKG,"ORGANOVO HOLDINGS INC","ONVO ",68620A203,374190.00,4587569.40,0.05
,,,,,,,
,,,,,,,
"The principal risks of investing in ARK ETFs include equity, market, management and non-diversification risks, as well as fluctuations in market value and net asset value ('NAV'). Investors should carefully consider the investment objectives and risks as well as charges and expenses of an ETF before investing. This and other information are contained in each ETF's prospectus, which may be obtained by contacting the ETF's transfer agent The Bank of New York Mellon or by clicking here. Please read the prospectus carefully before you invest. The market price of ETF shares may differ significantly from their NAV during periods of market volatility. ETF shares may only be redeemed directly with the ETF at NAV by Authorized Participants, in very large creation units. Holdings are subject to change without notice and are not a recommendation to buy or sell any security. There can be no guarantee that an active trading market for ETF shares will develop or be maintained, or that their listing will continue or remain unchanged. Buying or selling ETF shares on an exchange may require the payment of brokerage commissions and frequent trading may incur brokerage costs that detract significantly from investment returns. Copyright 2021, ARK Investment Management LLC. All content is original and has been researched and produced by ARK Investment Management LLC unless otherwise stated. No part of this content may be reproduced in any form, or referred to in any other publication, without the express written permission of ARK Investment Management LLC. All statements made regarding companies, securities or other financial information on this site or any sites or articles relating to ARK Investment Management LLC are strictly beliefs and points of view held by ARK Investment Management and are subject to change without notice. Information contained herein has been obtained from sources believed to be reliable, but not guaranteed. This material has been distributed for informational purposes only and should not be considered as investment advice or a recommendation of any particular security, strategy or investment product.",,,,,,
