date,fund,company,ticker,cusip,shares,"market value($)",weight(%)
1/4/2021,ARKQ,"TESLA INC",TSLA,88160R101,304058.00,221892406.66,12.87
1/4/2021,ARKQ,"MATERIALISE NV-ADR",MTLS,57667T100,2168895.00,118313222.25,6.86
1/4/2021,ARKQ,"TRIMBLE INC",TRMB,896239100,1079989.00,71592470.81,4.15
1/4/2021,ARKQ,"DEERE & CO",DE,244199105,252147.00,67484623.08,3.91
1/4/2021,ARKQ,"JD.COM INC-ADR",JD,47215P106,763135.00,65881444.55,3.82
1/4/2021,ARKQ,"ALPHABET INC-CL C",GOOG,02079K107,37492.00,64795174.08,3.76
1/4/2021,ARKQ,"KRATOS DEFENSE & SECURITY",KTOS,50077B207,2313094.00,60996288.78,3.54
1/4/2021,ARKQ,"BAIDU INC - SPON ADR",BIDU,056752108,267140.00,57915952.00,3.36
1/4/2021,ARKQ,"FLIR SYSTEMS INC",FLIR,302445101,1102579.00,57598726.96,3.34
1/4/2021,ARKQ,"TAIWAN SEMICONDUCTOR-SP ADR",TSM,874039100,487792.00,54486366.40,3.16
1/4/2021,ARKQ,"IRIDIUM COMMUNICATIONS INC",IRDM,46269C102,1406782.00,54526870.32,3.16
1/4/2021,ARKQ,"NXP SEMICONDUCTORS NV",NXPI,N6596X109,331758.00,53758066.32,3.12
1/4/2021,ARKQ,"BYD CO LTD-UNSPONSORED ADR",BYDDY,05606L100,877993.00,49255407.30,2.86
1/4/2021,ARKQ,"2U INC",TWOU,90214J101,1201373.00,46973684.30,2.72
1/4/2021,ARKQ,"CATERPILLAR INC",CAT,149123101,253524.00,46179396.60,2.68
1/4/2021,ARKQ,"PROTO LABS INC",PRLB,743713109,306881.00,46099663.82,2.67
1/4/2021,ARKQ,"KOMATSU LTD -SPONS ADR",KMTUY,500458401,1514940.00,41524505.40,2.41
1/4/2021,ARKQ,"NANO DIMENSION LTD - ADR",NNDM,63008G203,4848281.00,41355836.93,2.40
1/4/2021,ARKQ,"WORKHORSE GROUP INC",WKHS,98138J206,1877228.00,40210223.76,2.33
1/4/2021,ARKQ,"AEROVIRONMENT INC",AVAV,008073108,413110.00,35498542.30,2.06
1/4/2021,ARKQ,"STRATASYS LTD",SSYS,M85548101,1693400.00,34850172.00,2.02
1/4/2021,ARKQ,"SYNOPSYS INC",SNPS,871607107,125949.00,32079210.30,1.86
1/4/2021,ARKQ,"VIRGIN GALACTIC HOLDINGS INC",SPCE,92766K106,1366919.00,31726189.99,1.84
1/4/2021,ARKQ,"TERADYNE INC",TER,880770102,241785.00,28818354.15,1.67
1/4/2021,ARKQ,"NIU TECHNOLOGIES-SPONS ADR",NIU,65481N100,901590.00,25938744.30,1.50
1/4/2021,ARKQ,"NVIDIA CORP",NVDA,67066G104,45764.00,24005048.56,1.39
1/4/2021,ARKQ,"XILINX INC",XLNX,983919101,166673.00,23739235.39,1.38
1/4/2021,ARKQ,"ANSYS INC",ANSS,03662Q105,64809.00,23180235.03,1.34
1/4/2021,ARKQ,"INTUITIVE SURGICAL INC",ISRG,46120E602,26276.00,21020800.00,1.22
1/4/2021,ARKQ,"SPLUNK INC",SPLK,848637104,124308.00,20681121.96,1.20
1/4/2021,ARKQ,"TENCENT HOLDINGS LTD-UNS ADR",TCEHY,88032Q109,283720.00,20669002.00,1.20
1/4/2021,ARKQ,"AMAZON.COM INC",AMZN,023135106,6373.00,20308392.99,1.18
1/4/2021,ARKQ,"APPLE INC",AAPL,037833100,150378.00,19460416.98,1.13
1/4/2021,ARKQ,"ELBIT SYSTEMS LTD",ESLT,M3760D101,130354.00,16947323.54,0.98
1/4/2021,ARKQ,"AUTODESK INC",ADSK,052769106,56292.00,16709717.28,0.97
1/4/2021,ARKQ,"RAVEN INDUSTRIES INC",RAVN,754212108,510133.00,16441586.59,0.95
1/4/2021,ARKQ,"ROCKWELL AUTOMATION INC",ROK,773903109,56737.00,13983968.39,0.81
1/4/2021,ARKQ,"MORGAN STANLEY GOVT INSTL 8035",,X9USDMORS,9696892.10,9696892.10,0.56
1/4/2021,ARKQ,"EXONE CO/THE",XONE,302104104,997483.00,9346415.71,0.54
1/4/2021,ARKQ,"MAGNA INTERNATIONAL INC",MGA,559222401,119123.00,8304064.33,0.48
1/4/2021,ARKQ,"HONEYWELL INTERNATIONAL INC",HON,438516106,38064.00,7915408.80,0.46
1/4/2021,ARKQ,"ORGANOVO HOLDINGS INC","ONVO ",68620A203,197165.00,2393583.10,0.14
,,,,,,,
,,,,,,,
"The principal risks of investing in ARK ETFs include equity, market, management and non-diversification risks, as well as fluctuations in market value and net asset value ('NAV'). Investors should carefully consider the investment objectives and risks as well as charges and expenses of an ETF before investing. This and other information are contained in each ETF's prospectus, which may be obtained by contacting the ETF's transfer agent The Bank of New York Mellon or by clicking here. Please read the prospectus carefully before you invest. The market price of ETF shares may differ significantly from their NAV during periods of market volatility. ETF shares may only be redeemed directly with the ETF at NAV by Authorized Participants, in very large creation units. Holdings are subject to change without notice and are not a recommendation to buy or sell any security. There can be no guarantee that an active trading market for ETF shares will develop or be maintained, or that their listing will continue or remain unchanged. Buying or selling ETF shares on an exchange may require the payment of brokerage commissions and frequent trading may incur brokerage costs that detract significantly from investment returns. Copyright 2021, ARK Investment Management LLC. All content is original and has been researched and produced by ARK Investment Management LLC unless otherwise stated. No part of this content may be reproduced in any form, or referred to in any other publication, without the express written permission of ARK Investment Management LLC. All statements made regarding companies, securities or other financial information on this site or any sites or articles relating to ARK Investment Management LLC are strictly beliefs and points of view held by ARK Investment Management and are subject to change without notice. Information contained herein has been obtained from sources believed to be reliable, but not guaranteed. This material has been distributed for informational purposes only and should not be considered as investment advice or a recommendation of any particular security, strategy or investment product.",,,,,,
