date,fund,company,ticker,cusip,shares,"market value($)",weight(%)
1/25/2021,ARKG,"TELADOC HEALTH INC",TDOC,87918A105,3266453.00,937765991.77,7.93
1/25/2021,ARKG,"TWIST BIOSCIENCE CORP",TWST,90184D100,3683918.00,685356104.72,5.80
1/25/2021,ARKG,"PACIFIC BIOSCIENCES OF CALIF",PACB,69404D108,18213632.00,654780070.40,5.54
1/25/2021,ARKG,"EXACT SCIENCES CORP",EXAS,30063P105,3094721.00,476370403.53,4.03
1/25/2021,ARKG,"REGENERON PHARMACEUTICALS",REGN,75886F107,820070.00,449562374.00,3.80
1/25/2021,ARKG,"CAREDX INC",CDNA,14167L103,5210634.00,446551333.80,3.78
1/25/2021,ARKG,"ROCHE HOLDINGS LTD-SPONS ADR",RHHBY,771195104,9150559.00,418180546.30,3.54
1/25/2021,ARKG,"CRISPR THERAPEUTICS AG",CRSP,H17182108,2307223.00,418161096.52,3.54
1/25/2021,ARKG,"VERTEX PHARMACEUTICALS INC",VRTX,92532F100,1622680.00,391568910.80,3.31
1/25/2021,ARKG,"FATE THERAPEUTICS INC",FATE,31189P102,3722038.00,357836733.32,3.03
1/25/2021,ARKG,"NOVARTIS AG-SPONSORED ADR",NVS,66987V109,3641803.00,358608341.41,3.03
1/25/2021,ARKG,"TAKEDA PHARMACEUTIC-SP ADR","TAK UN",874060205,19271186.00,354011686.82,2.99
1/25/2021,ARKG,"IOVANCE BIOTHERAPEUTICS INC",IOVA,462260100,7549249.00,351115570.99,2.97
1/25/2021,ARKG,"INVITAE CORP",NVTA,46185L103,6180483.00,322806627.09,2.73
1/25/2021,ARKG,"PERSONALIS INC",PSNL,71535D106,6739994.00,316173118.54,2.67
1/25/2021,ARKG,"INCYTE CORP",INCY,45337C102,2746785.00,276051892.50,2.34
1/25/2021,ARKG,"ARCTURUS THERAPEUTICS HOLDIN","ARCT UQ",03969T109,3935339.00,273269940.16,2.31
1/25/2021,ARKG,"ALPHABET INC-CL A",GOOGL,02079K305,120762.00,228757041.36,1.94
1/25/2021,ARKG,"IONIS PHARMACEUTICALS INC",IONS,462222100,3388316.00,216106794.48,1.83
1/25/2021,ARKG,"ACCOLADE INC",ACCD,00437E102,3851588.00,212376562.32,1.80
1/25/2021,ARKG,"PURE STORAGE INC - CLASS A",PSTG,74624M102,8710400.00,202429696.00,1.71
1/25/2021,ARKG,"CASTLE BIOSCIENCES INC",CSTL,14843C105,2561434.00,194131082.86,1.64
1/25/2021,ARKG,"CELLECTIS - ADR",CLLS,15117K103,6036351.00,188937786.30,1.60
1/25/2021,ARKG,"BERKELEY LIGHTS INC",BLI,084310101,2332809.00,186508079.55,1.58
1/25/2021,ARKG,"BEAM THERAPEUTICS INC",BEAM,07373V105,1766631.00,181079677.50,1.53
1/25/2021,ARKG,"BRISTOL-MYERS SQUIBB CO",BMY,110122108,2693658.00,174629848.14,1.48
1/25/2021,ARKG,"VEEVA SYSTEMS INC-CLASS A",VEEV,922475108,597498.00,174768165.00,1.48
1/25/2021,ARKG,"MORGAN STANLEY GOVT INSTL 8035",,X9USDMORS,173537434.23,173537434.23,1.47
1/25/2021,ARKG,"SCHRODINGER INC",SDGR,80810D103,1790361.00,172161113.76,1.46
1/25/2021,ARKG,"THERMO FISHER SCIENTIFIC INC",TMO,883556102,311556.00,161644599.48,1.37
1/25/2021,ARKG,"SAREPTA THERAPEUTICS INC",SRPT,803607100,1638092.00,157437022.12,1.33
1/25/2021,ARKG,"INTELLIA THERAPEUTICS INC",NTLA,45826J105,2178866.00,155571032.40,1.32
1/25/2021,ARKG,"10X GENOMICS INC-CLASS A",TXG,88025U109,731475.00,134042793.75,1.13
1/25/2021,ARKG,"ADAPTIVE BIOTECHNOLOGIES",ADPT,00650F109,1982588.00,129879339.88,1.10
1/25/2021,ARKG,"CODEXIS INC",CDXS,192005106,5123140.00,128488351.20,1.09
1/25/2021,ARKG,"VERACYTE INC",VCYT,92337F107,2154080.00,119292950.40,1.01
1/25/2021,ARKG,"EDITAS MEDICINE INC",EDIT,28106W103,1812076.00,118636615.72,1.00
1/25/2021,ARKG,"PHREESIA INC",PHR,71944F106,1688615.00,117476945.55,0.99
1/25/2021,ARKG,"GUARDANT HEALTH INC",GH,40131M109,693494.00,109086606.20,0.92
1/25/2021,ARKG,"AQUABOUNTY TECHNOLOGIES",AQB,03842K200,8619409.00,105156789.80,0.89
1/25/2021,ARKG,"NANOSTRING TECHNOLOGIES INC",NSTG,63009R109,1307978.00,100753545.34,0.85
1/25/2021,ARKG,"SERES THERAPEUTICS INC",MCRB,81750R102,3552954.00,88255377.36,0.75
1/25/2021,ARKG,"COMPUGEN LTD",CGEN,M25722105,5721282.00,72374217.30,0.61
1/25/2021,ARKG,"CERUS CORP",CERS,157085101,8154380.00,59363886.40,0.50
1/25/2021,ARKG,"SURFACE ONCOLOGY INC",SURF,86877M209,3528584.00,44989446.00,0.38
1/25/2021,ARKG,"SYROS PHARMACEUTICALS INC",SYRS,87184Q107,3159384.00,38607672.48,0.33
1/25/2021,ARKG,"REPARE THERAPEUTICS INC",RPTX,760273102,1003346.00,39030159.40,0.33
1/25/2021,ARKG,"LONGVIEW ACQUISITION CORP-A",LGVW,543195101,1935310.00,37815957.40,0.32
1/25/2021,ARKG,"908 DEVICES INC",MASS,65443P102,562534.00,35962798.62,0.30
1/25/2021,ARKG,"EVOGENE LTD",EVGN,M4119S104,4583323.00,30249931.80,0.26
1/25/2021,ARKG,"PLURISTEM THERAPEUTICS INC",PSTI,72940R300,3836111.00,28579026.95,0.24
1/25/2021,ARKG,"1LIFE HEALTHCARE INC",ONEM,68269G107,188401.00,9685695.41,0.08
1/25/2021,ARKG,"ORGANOVO HOLDINGS INC","ONVO ",68620A203,374190.00,5399561.70,0.05
,,,,,,,
,,,,,,,
"The principal risks of investing in ARK ETFs include equity, market, management and non-diversification risks, as well as fluctuations in market value and net asset value ('NAV'). Investors should carefully consider the investment objectives and risks as well as charges and expenses of an ETF before investing. This and other information are contained in each ETF's prospectus, which may be obtained by contacting the ETF's transfer agent The Bank of New York Mellon or by clicking here. Please read the prospectus carefully before you invest. The market price of ETF shares may differ significantly from their NAV during periods of market volatility. ETF shares may only be redeemed directly with the ETF at NAV by Authorized Participants, in very large creation units. Holdings are subject to change without notice and are not a recommendation to buy or sell any security. There can be no guarantee that an active trading market for ETF shares will develop or be maintained, or that their listing will continue or remain unchanged. Buying or selling ETF shares on an exchange may require the payment of brokerage commissions and frequent trading may incur brokerage costs that detract significantly from investment returns. Copyright 2021, ARK Investment Management LLC. All content is original and has been researched and produced by ARK Investment Management LLC unless otherwise stated. No part of this content may be reproduced in any form, or referred to in any other publication, without the express written permission of ARK Investment Management LLC. All statements made regarding companies, securities or other financial information on this site or any sites or articles relating to ARK Investment Management LLC are strictly beliefs and points of view held by ARK Investment Management and are subject to change without notice. Information contained herein has been obtained from sources believed to be reliable, but not guaranteed. This material has been distributed for informational purposes only and should not be considered as investment advice or a recommendation of any particular security, strategy or investment product.",,,,,,
