date,fund,company,ticker,cusip,shares,"market value($)",weight(%)
1/13/2021,ARKQ,"TESLA INC",TSLA,88160R101,321032.00,274292951.12,12.00
1/13/2021,ARKQ,"MATERIALISE NV-ADR",MTLS,57667T100,2446618.00,166125362.20,7.27
1/13/2021,ARKQ,"TRIMBLE INC",TRMB,896239100,1548407.00,108419458.14,4.74
1/13/2021,ARKQ,"DEERE & CO",DE,244199105,335185.00,100964425.70,4.42
1/13/2021,ARKQ,"BAIDU INC - SPON ADR",BIDU,056752108,388966.00,92161604.04,4.03
1/13/2021,ARKQ,"JD.COM INC-ADR",JD,47215P106,906360.00,81971198.40,3.59
1/13/2021,ARKQ,"KRATOS DEFENSE & SECURITY",KTOS,50077B207,2872037.00,79727747.12,3.49
1/13/2021,ARKQ,"ALPHABET INC-CL C",GOOG,02079K107,44547.00,78153256.80,3.42
1/13/2021,ARKQ,"IRIDIUM COMMUNICATIONS INC",IRDM,46269C102,1670811.00,72112202.76,3.16
1/13/2021,ARKQ,"NXP SEMICONDUCTORS NV",NXPI,N6596X109,394004.00,69904189.68,3.06
1/13/2021,ARKQ,"BYD CO LTD-UNSPONSORED ADR",BYDDY,05606L100,1042742.00,69550891.40,3.04
1/13/2021,ARKQ,"TAIWAN SEMICONDUCTOR-SP ADR",TSM,874039100,579337.00,69074350.51,3.02
1/13/2021,ARKQ,"NANO DIMENSION LTD - ADR",NNDM,63008G203,5758173.00,65815917.39,2.88
1/13/2021,ARKQ,"CATERPILLAR INC",CAT,149123101,301124.00,58987180.36,2.58
1/13/2021,ARKQ,"WORKHORSE GROUP INC",WKHS,98138J206,2229535.00,54712788.90,2.39
1/13/2021,ARKQ,"KOMATSU LTD -SPONS ADR",KMTUY,500458401,1799236.00,52483714.12,2.30
1/13/2021,ARKQ,"2U INC",TWOU,90214J101,1201373.00,52187643.12,2.28
1/13/2021,ARKQ,"PROTO LABS INC",PRLB,743713109,280592.00,47229245.44,2.07
1/13/2021,ARKQ,"AEROVIRONMENT INC",AVAV,008073108,490630.00,47183887.10,2.06
1/13/2021,ARKQ,"VIRGIN GALACTIC HOLDINGS INC",SPCE,92766K106,1623474.00,44742943.44,1.96
1/13/2021,ARKQ,"STRATASYS LTD",SSYS,M85548101,1544348.00,43504283.16,1.90
1/13/2021,ARKQ,"NIU TECHNOLOGIES-SPONS ADR",NIU,65481N100,1070770.00,42049137.90,1.84
1/13/2021,ARKQ,"TERADYNE INC",TER,880770102,287175.00,39061543.50,1.71
1/13/2021,ARKQ,"SYNOPSYS INC",SNPS,871607107,149579.00,38462744.06,1.68
1/13/2021,ARKQ,"FLIR SYSTEMS INC",FLIR,302445101,674669.00,36452366.07,1.60
1/13/2021,ARKQ,"MAGNA INTERNATIONAL INC",MGA,559222401,432110.00,32464424.30,1.42
1/13/2021,ARKQ,"NVIDIA CORP",NVDA,67066G104,54349.00,29417483.23,1.29
1/13/2021,ARKQ,"ANSYS INC",ANSS,03662Q105,76964.00,28906139.12,1.26
1/13/2021,ARKQ,"XILINX INC",XLNX,983919101,197953.00,27945025.01,1.22
1/13/2021,ARKQ,"RAVEN INDUSTRIES INC",RAVN,754212108,710545.00,26609910.25,1.16
1/13/2021,ARKQ,"TENCENT HOLDINGS LTD-UNS ADR",TCEHY,88032Q109,337000.00,26430910.00,1.16
1/13/2021,ARKQ,"INTUITIVE SURGICAL INC",ISRG,46120E602,31206.00,25322108.70,1.11
1/13/2021,ARKQ,"AMAZON.COM INC",AMZN,023135106,7563.00,23943626.07,1.05
1/13/2021,ARKQ,"TELEDYNE TECHNOLOGIES INC",TDY,879360105,60810.00,23531037.60,1.03
1/13/2021,ARKQ,"APPLE INC",AAPL,037833100,178598.00,23376692.22,1.02
1/13/2021,ARKQ,"ROCKWELL AUTOMATION INC",ROK,773903109,88217.00,23149905.14,1.01
1/13/2021,ARKQ,"LOCKHEED MARTIN CORP",LMT,539830109,65864.00,22755353.36,1.00
1/13/2021,ARKQ,"ELBIT SYSTEMS LTD",ESLT,M3760D101,157777.00,21642271.09,0.95
1/13/2021,ARKQ,"AUTODESK INC",ADSK,052769106,66832.00,21007302.56,0.92
1/13/2021,ARKQ,"MORGAN STANLEY GOVT INSTL 8035",,X9USDMORS,16852028.44,16852028.44,0.74
1/13/2021,ARKQ,"EXONE CO/THE",XONE,302104104,997483.00,13745315.74,0.60
1/13/2021,ARKQ,"HONEYWELL INTERNATIONAL INC",HON,438516106,45204.00,9358132.08,0.41
1/13/2021,ARKQ,"ORGANOVO HOLDINGS INC","ONVO ",68620A203,197165.00,2574974.90,0.11
1/13/2021,ARKQ,"EXPERIENCE INVESTMENT CORP-A",EXPC,30217C109,64615.00,913009.95,0.04
1/13/2021,ARKQ,"SPLUNK INC",SPLK,848637104,801.00,136690.65,0.01
,,,,,,,
,,,,,,,
"The principal risks of investing in ARK ETFs include equity, market, management and non-diversification risks, as well as fluctuations in market value and net asset value ('NAV'). Investors should carefully consider the investment objectives and risks as well as charges and expenses of an ETF before investing. This and other information are contained in each ETF's prospectus, which may be obtained by contacting the ETF's transfer agent The Bank of New York Mellon or by clicking here. Please read the prospectus carefully before you invest. The market price of ETF shares may differ significantly from their NAV during periods of market volatility. ETF shares may only be redeemed directly with the ETF at NAV by Authorized Participants, in very large creation units. Holdings are subject to change without notice and are not a recommendation to buy or sell any security. There can be no guarantee that an active trading market for ETF shares will develop or be maintained, or that their listing will continue or remain unchanged. Buying or selling ETF shares on an exchange may require the payment of brokerage commissions and frequent trading may incur brokerage costs that detract significantly from investment returns. Copyright 2021, ARK Investment Management LLC. All content is original and has been researched and produced by ARK Investment Management LLC unless otherwise stated. No part of this content may be reproduced in any form, or referred to in any other publication, without the express written permission of ARK Investment Management LLC. All statements made regarding companies, securities or other financial information on this site or any sites or articles relating to ARK Investment Management LLC are strictly beliefs and points of view held by ARK Investment Management and are subject to change without notice. Information contained herein has been obtained from sources believed to be reliable, but not guaranteed. This material has been distributed for informational purposes only and should not be considered as investment advice or a recommendation of any particular security, strategy or investment product.",,,,,,
