date,fund,company,ticker,cusip,shares,"market value($)",weight(%)
1/27/2021,ARKW,"TESLA INC",TSLA,88160R101,742188.00,641369182.08,9.86
1/27/2021,ARKW,"TELADOC HEALTH INC",TDOC,87918A105,1062953.00,291185344.82,4.48
1/27/2021,ARKW,"ROKU INC",ROKU,77543R102,718569.00,289051565.94,4.44
1/27/2021,ARKW,"SQUARE INC - A",SQ,852234103,1174376.00,237764164.96,3.65
1/27/2021,ARKW,"TENCENT HOLDINGS LTD-UNS ADR",TCEHY,88032Q109,2624012.00,231464098.52,3.56
1/27/2021,ARKW,"GRAYSCALE BITCOIN TRUST BTC",GBTC,389637109,6981647.00,218951431.57,3.37
1/27/2021,ARKW,"SPOTIFY TECHNOLOGY SA",SPOT,L8681T102,601974.00,198765795.06,3.06
1/27/2021,ARKW,"NETFLIX INC",NFLX,64110L106,312062.00,163295803.36,2.51
1/27/2021,ARKW,"FASTLY INC - CLASS A",FSLY,31188V100,1439799.00,156909295.02,2.41
1/27/2021,ARKW,"PURE STORAGE INC - CLASS A",PSTG,74624M102,6536496.00,149032108.80,2.29
1/27/2021,ARKW,"FACEBOOK INC-CLASS A",FB,30303M102,547866.00,149096253.24,2.29
1/27/2021,ARKW,"AGORA INC-ADR",API,00851L103,2490418.00,135030463.96,2.08
1/27/2021,ARKW,"INTERCONTINENTAL EXCHANGE IN",ICE,45866F104,1221483.00,133569166.05,2.05
1/27/2021,ARKW,"SEA LTD-ADR",SE,81141R100,635511.00,130775453.58,2.01
1/27/2021,ARKW,"ZOOM VIDEO COMMUNICATIONS-A",ZM,98980L101,347022.00,128654936.28,1.98
1/27/2021,ARKW,"PAYPAL HOLDINGS INC",PYPL,70450Y103,555539.00,127740637.66,1.96
1/27/2021,ARKW,"HUYA INC-ADR",HUYA,44852D108,4710087.00,121708648.08,1.87
1/27/2021,ARKW,"TWILIO INC - A",TWLO,90138F102,350156.00,118272192.12,1.82
1/27/2021,ARKW,"LENDINGTREE INC","TREE UW",52603B107,354957.00,117717939.48,1.81
1/27/2021,ARKW,"SHOPIFY INC - CLASS A",SHOP,82509L107,105714.00,115448145.12,1.77
1/27/2021,ARKW,"ZILLOW GROUP INC - C",Z,98954M200,891755.00,113672009.85,1.75
1/27/2021,ARKW,"PAGERDUTY INC",PD,69553P100,2226551.00,107609209.83,1.65
1/27/2021,ARKW,"DOCUSIGN INC",DOCU,256163106,455647.00,102607147.93,1.58
1/27/2021,ARKW,"PINTEREST INC- CLASS A",PINS,72352L106,1564459.00,101173563.53,1.56
1/27/2021,ARKW,"BAIDU INC - SPON ADR",BIDU,056752108,426895.00,101250956.10,1.56
1/27/2021,ARKW,"OPENDOOR TECHNOLOGIES INC",OPEN,683712103,4000604.00,100735208.72,1.55
1/27/2021,ARKW,"NVIDIA CORP",NVDA,67066G104,174686.00,90262003.06,1.39
1/27/2021,ARKW,"KE HOLDINGS INC",BEKE,482497104,1453991.00,89914803.44,1.38
1/27/2021,ARKW,"SNAP INC - A",SNAP,83304A106,1800834.00,88150824.30,1.35
1/27/2021,ARKW,"UNITY SOFTWARE INC",U,91332U101,548303.00,85458505.58,1.31
1/27/2021,ARKW,"VERACYTE INC",VCYT,92337F107,1645791.00,85186142.16,1.31
1/27/2021,ARKW,"ALIBABA GROUP HOLDING-SP ADR",BABA,01609W102,324584.00,84472986.00,1.30
1/27/2021,ARKW,"TAIWAN SEMICONDUCTOR-SP ADR",TSM,874039100,686570.00,83583031.80,1.28
1/27/2021,ARKW,"PALANTIR TECHNOLOGIES INC-A",PLTR,69608A108,2021340.00,78832260.00,1.21
1/27/2021,ARKW,"SALESFORCE.COM INC",CRM,79466L302,344943.00,77536287.54,1.19
1/27/2021,ARKW,"2U INC",TWOU,90214J101,1882940.00,75863652.60,1.17
1/27/2021,ARKW,"NINTENDO CO LTD-UNSPONS ADR",NTDOY,654445303,985710.00,73218538.80,1.13
1/27/2021,ARKW,"PELOTON INTERACTIVE INC-A",PTON,70614W100,502473.00,72838486.08,1.12
1/27/2021,ARKW,"TRADE DESK INC/THE -CLASS A",TTD,88339J105,92883.00,70247412.90,1.08
1/27/2021,ARKW,"MERCADOLIBRE INC",MELI,58733R102,40697.00,69945933.90,1.08
1/27/2021,ARKW,"ADOBE INC",ADBE,00724F101,151579.00,69726340.00,1.07
1/27/2021,ARKW,"APPLE INC",AAPL,037833100,481530.00,68406151.80,1.05
1/27/2021,ARKW,"TWITTER INC",TWTR,90184L102,1412246.00,68056134.74,1.05
1/27/2021,ARKW,"JD.COM INC-ADR",JD,47215P106,755319.00,68046688.71,1.05
1/27/2021,ARKW,"ADYEN NV-UNSPON ADR",ADYEY,00783V104,1568628.00,67215709.80,1.03
1/27/2021,ARKW,"SYNOPSYS INC",SNPS,871607107,255315.00,64985326.95,1.00
1/27/2021,ARKW,"CLOUDFLARE INC - CLASS A",NET,18915M107,825634.00,61567527.38,0.95
1/27/2021,ARKW,"NANO DIMENSION LTD - ADR",NNDM,63008G203,4122740.00,59862184.80,0.92
1/27/2021,ARKW,"CROWDSTRIKE HOLDINGS INC - A",CRWD,22788C105,292702.00,58812612.86,0.90
1/27/2021,ARKW,"HUBSPOT INC",HUBS,443573100,163150.00,57100868.50,0.88
1/27/2021,ARKW,"ATLASSIAN CORP PLC-CLASS A",TEAM,G06242104,249836.00,54289362.80,0.83
1/27/2021,ARKW,"OKTA INC",OKTA,679295105,208249.00,52339221.17,0.80
1/27/2021,ARKW,"LENDINGCLUB CORP",LC,52603A208,4605038.00,50839619.52,0.78
1/27/2021,ARKW,"SILVERGATE CAPITAL CORP-CL A",SI,82837P408,505547.00,41085804.69,0.63
1/27/2021,ARKW,"MORGAN STANLEY GOVT INSTL 8035",,X9USDMORS,28545008.89,28545008.89,0.44
1/27/2021,ARKW,"SKILLZ INC",SKLZ,83067L109,963382.00,26281060.96,0.40
,,,,,,,
,,,,,,,
"The principal risks of investing in ARK ETFs include equity, market, management and non-diversification risks, as well as fluctuations in market value and net asset value ('NAV'). Investors should carefully consider the investment objectives and risks as well as charges and expenses of an ETF before investing. This and other information are contained in each ETF's prospectus, which may be obtained by contacting the ETF's transfer agent The Bank of New York Mellon or by clicking here. Please read the prospectus carefully before you invest. The market price of ETF shares may differ significantly from their NAV during periods of market volatility. ETF shares may only be redeemed directly with the ETF at NAV by Authorized Participants, in very large creation units. Holdings are subject to change without notice and are not a recommendation to buy or sell any security. There can be no guarantee that an active trading market for ETF shares will develop or be maintained, or that their listing will continue or remain unchanged. Buying or selling ETF shares on an exchange may require the payment of brokerage commissions and frequent trading may incur brokerage costs that detract significantly from investment returns. Copyright 2021, ARK Investment Management LLC. All content is original and has been researched and produced by ARK Investment Management LLC unless otherwise stated. No part of this content may be reproduced in any form, or referred to in any other publication, without the express written permission of ARK Investment Management LLC. All statements made regarding companies, securities or other financial information on this site or any sites or articles relating to ARK Investment Management LLC are strictly beliefs and points of view held by ARK Investment Management and are subject to change without notice. Information contained herein has been obtained from sources believed to be reliable, but not guaranteed. This material has been distributed for informational purposes only and should not be considered as investment advice or a recommendation of any particular security, strategy or investment product.",,,,,,
