date,fund,company,ticker,cusip,shares,"market value($)",weight(%)
1/26/2021,ARKK,"TESLA INC",TSLA,88160R101,2598708.00,2294893047.72,9.76
1/26/2021,ARKK,"ROKU INC",ROKU,77543R102,4200450.00,1694461530.00,7.21
1/26/2021,ARKK,"TELADOC HEALTH INC",TDOC,87918A105,4512311.00,1291558777.53,5.49
1/26/2021,ARKK,"SQUARE INC - A",SQ,852234103,4982902.00,1042273611.34,4.43
1/26/2021,ARKK,"CRISPR THERAPEUTICS AG",CRSP,H17182108,6055947.00,1026664694.91,4.37
1/26/2021,ARKK,"INVITAE CORP",NVTA,46185L103,17414569.00,838511497.35,3.57
1/26/2021,ARKK,"PROTO LABS INC",PRLB,743713109,3149835.00,705563040.00,3.00
1/26/2021,ARKK,"ZILLOW GROUP INC - C",Z,98954M200,4892551.00,681385577.77,2.90
1/26/2021,ARKK,"BAIDU INC - SPON ADR",BIDU,056752108,2727095.00,677137688.50,2.88
1/26/2021,ARKK,"SPOTIFY TECHNOLOGY SA",SPOT,L8681T102,1981500.00,667785315.00,2.84
1/26/2021,ARKK,"TENCENT HOLDINGS LTD-UNS ADR",TCEHY,88032Q109,5921062.00,546869286.32,2.33
1/26/2021,ARKK,"SHOPIFY INC - CLASS A",SHOP,82509L107,449899.00,521779363.23,2.22
1/26/2021,ARKK,"PAYPAL HOLDINGS INC",PYPL,70450Y103,2157474.00,519951234.00,2.21
1/26/2021,ARKK,"PURE STORAGE INC - CLASS A",PSTG,74624M102,22201632.00,499758736.32,2.13
1/26/2021,ARKK,"EXACT SCIENCES CORP",EXAS,30063P105,3382757.00,477104047.28,2.03
1/26/2021,ARKK,"ZOOM VIDEO COMMUNICATIONS-A",ZM,98980L101,1274469.00,477148448.91,2.03
1/26/2021,ARKK,"TWILIO INC - A",TWLO,90138F102,1330157.00,472405258.55,2.01
1/26/2021,ARKK,"TWIST BIOSCIENCE CORP",TWST,90184D100,2899187.00,472045627.34,2.01
1/26/2021,ARKK,"TAIWAN SEMICONDUCTOR-SP ADR",TSM,874039100,3719793.00,471111783.45,2.00
1/26/2021,ARKK,"IOVANCE BIOTHERAPEUTICS INC",IOVA,462260100,10032963.00,447570479.43,1.90
1/26/2021,ARKK,"DOCUSIGN INC",DOCU,256163106,1891348.00,444674828.28,1.89
1/26/2021,ARKK,"INTELLIA THERAPEUTICS INC",NTLA,45826J105,6441236.00,413849413.00,1.76
1/26/2021,ARKK,"LENDINGTREE INC","TREE UW",52603B107,1221280.00,410166888.00,1.74
1/26/2021,ARKK,"MATERIALISE NV-ADR",MTLS,57667T100,5992401.00,406524483.84,1.73
1/26/2021,ARKK,"EDITAS MEDICINE INC",EDIT,28106W103,6639659.00,402894508.12,1.71
1/26/2021,ARKK,"PAGERDUTY INC",PD,69553P100,7534365.00,360820739.85,1.53
1/26/2021,ARKK,"2U INC",TWOU,90214J101,8035870.00,344015594.70,1.46
1/26/2021,ARKK,"INTERCONTINENTAL EXCHANGE IN",ICE,45866F104,3017596.00,339932189.40,1.45
1/26/2021,ARKK,"KE HOLDINGS INC",BEKE,482497104,5045763.00,321516018.36,1.37
1/26/2021,ARKK,"NINTENDO CO LTD-UNSPONS ADR",NTDOY,654445303,3983542.00,299960712.60,1.28
1/26/2021,ARKK,"STRATASYS LTD",SSYS,M85548101,7032750.00,298118272.50,1.27
1/26/2021,ARKK,"SEA LTD-ADR",SE,81141R100,1254021.00,272398441.62,1.16
1/26/2021,ARKK,"UNITY SOFTWARE INC",U,91332U101,1814802.00,271222158.90,1.15
1/26/2021,ARKK,"IRIDIUM COMMUNICATIONS INC",IRDM,46269C102,5492670.00,267657809.10,1.14
1/26/2021,ARKK,"REGENERON PHARMACEUTICALS",REGN,75886F107,473849.00,257821240.90,1.10
1/26/2021,ARKK,"VERACYTE INC",VCYT,92337F107,4829761.00,253900535.77,1.08
1/26/2021,ARKK,"10X GENOMICS INC-CLASS A",TXG,88025U109,1435921.00,246619431.75,1.05
1/26/2021,ARKK,"PACIFIC BIOSCIENCES OF CALIF",PACB,69404D108,7239664.00,238040152.32,1.01
1/26/2021,ARKK,"SYNOPSYS INC",SNPS,871607107,858162.00,228348326.58,0.97
1/26/2021,ARKK,"PINTEREST INC- CLASS A",PINS,72352L106,3204459.00,221876741.16,0.94
1/26/2021,ARKK,"SPLUNK INC",SPLK,848637104,1224712.00,212805957.12,0.91
1/26/2021,ARKK,"SERES THERAPEUTICS INC",MCRB,81750R102,8018577.00,192846776.85,0.82
1/26/2021,ARKK,"HUYA INC-ADR",HUYA,44852D108,6862941.00,183652301.16,0.78
1/26/2021,ARKK,"NOVARTIS AG-SPONSORED ADR",NVS,66987V109,1605599.00,154041168.06,0.66
1/26/2021,ARKK,"CERUS CORP",CERS,157085101,19017173.00,132169352.35,0.56
1/26/2021,ARKK,"COMPUGEN LTD",CGEN,M25722105,10005386.00,123966732.54,0.53
1/26/2021,ARKK,"NANOSTRING TECHNOLOGIES INC",NSTG,63009R109,1653476.00,114023704.96,0.48
1/26/2021,ARKK,"MORGAN STANLEY GOVT INSTL 8035",,X9USDMORS,100911172.10,100911172.10,0.43
1/26/2021,ARKK,"PACCAR INC",PCAR,693718108,840691.00,82227986.71,0.35
1/26/2021,ARKK,"SYROS PHARMACEUTICALS INC",SYRS,87184Q107,5044273.00,57151613.09,0.24
1/26/2021,ARKK,"FATE THERAPEUTICS INC",FATE,31189P102,284056.00,25369041.36,0.11
1/26/2021,ARKK,"ORGANOVO HOLDINGS INC","ONVO ",68620A203,511011.00,6770895.75,0.03
,,,,,,,
,,,,,,,
"The principal risks of investing in ARK ETFs include equity, market, management and non-diversification risks, as well as fluctuations in market value and net asset value ('NAV'). Investors should carefully consider the investment objectives and risks as well as charges and expenses of an ETF before investing. This and other information are contained in each ETF's prospectus, which may be obtained by contacting the ETF's transfer agent The Bank of New York Mellon or by clicking here. Please read the prospectus carefully before you invest. The market price of ETF shares may differ significantly from their NAV during periods of market volatility. ETF shares may only be redeemed directly with the ETF at NAV by Authorized Participants, in very large creation units. Holdings are subject to change without notice and are not a recommendation to buy or sell any security. There can be no guarantee that an active trading market for ETF shares will develop or be maintained, or that their listing will continue or remain unchanged. Buying or selling ETF shares on an exchange may require the payment of brokerage commissions and frequent trading may incur brokerage costs that detract significantly from investment returns. Copyright 2021, ARK Investment Management LLC. All content is original and has been researched and produced by ARK Investment Management LLC unless otherwise stated. No part of this content may be reproduced in any form, or referred to in any other publication, without the express written permission of ARK Investment Management LLC. All statements made regarding companies, securities or other financial information on this site or any sites or articles relating to ARK Investment Management LLC are strictly beliefs and points of view held by ARK Investment Management and are subject to change without notice. Information contained herein has been obtained from sources believed to be reliable, but not guaranteed. This material has been distributed for informational purposes only and should not be considered as investment advice or a recommendation of any particular security, strategy or investment product.",,,,,,
