date,fund,company,ticker,cusip,shares,"market value($)",weight(%)
1/4/2021,ARKW,"TESLA INC",TSLA,88160R101,747958.00,545837309.66,10.30
1/4/2021,ARKW,"ROKU INC",ROKU,77543R102,878313.00,279215702.70,5.27
1/4/2021,ARKW,"SQUARE INC - A",SQ,852234103,1042624.00,230586723.84,4.35
1/4/2021,ARKW,"GRAYSCALE BITCOIN TRUST BTC",GBTC,389637109,6198321.00,217437100.68,4.10
1/4/2021,ARKW,"TELADOC HEALTH INC",TDOC,87918A105,943702.00,189334932.26,3.57
1/4/2021,ARKW,"SPOTIFY TECHNOLOGY SA",SPOT,L8681T102,534446.00,166212706.00,3.14
1/4/2021,ARKW,"PURE STORAGE INC - CLASS A",PSTG,74624M102,6820682.00,156466445.08,2.95
1/4/2021,ARKW,"TENCENT HOLDINGS LTD-UNS ADR",TCEHY,88032Q109,1955814.00,142481049.90,2.69
1/4/2021,ARKW,"FACEBOOK INC-CLASS A",FB,30303M102,486410.00,130815105.40,2.47
1/4/2021,ARKW,"NETFLIX INC",NFLX,64110L106,232122.00,121367308.92,2.29
1/4/2021,ARKW,"PINTEREST INC- CLASS A",PINS,72352L106,1744563.00,118752403.41,2.24
1/4/2021,ARKW,"SNAP INC - A",SNAP,83304A106,2387863.00,118414126.17,2.23
1/4/2021,ARKW,"PAYPAL HOLDINGS INC",PYPL,70450Y103,493195.00,114381784.40,2.16
1/4/2021,ARKW,"SEA LTD-ADR",SE,81141R100,564217.00,110620385.02,2.09
1/4/2021,ARKW,"ZILLOW GROUP INC - C",Z,98954M200,791691.00,103529432.07,1.95
1/4/2021,ARKW,"SHOPIFY INC - CLASS A",SHOP,82509L107,93846.00,102517370.40,1.93
1/4/2021,ARKW,"INTERCONTINENTAL EXCHANGE IN",ICE,45866F104,884290.00,100190057.00,1.89
1/4/2021,ARKW,"FASTLY INC - CLASS A",FSLY,31188V100,1151312.00,99174015.68,1.87
1/4/2021,ARKW,"PAGERDUTY INC",PD,69553P100,2368160.00,97615555.20,1.84
1/4/2021,ARKW,"LENDINGTREE INC","TREE UW",52603B107,356781.00,97615281.60,1.84
1/4/2021,ARKW,"TWILIO INC - A",TWLO,90138F102,288010.00,96365265.90,1.82
1/4/2021,ARKW,"HUYA INC-ADR",HUYA,44852D108,4407357.00,90791554.20,1.71
1/4/2021,ARKW,"NVIDIA CORP",NVDA,67066G104,155090.00,81350908.60,1.54
1/4/2021,ARKW,"ZOOM VIDEO COMMUNICATIONS-A",ZM,98980L101,223724.00,80536165.52,1.52
1/4/2021,ARKW,"UNITY SOFTWARE INC",U,91332U101,551716.00,79491241.28,1.50
1/4/2021,ARKW,"VERACYTE INC",VCYT,92337F107,1654255.00,78312431.70,1.48
1/4/2021,ARKW,"DOCUSIGN INC",DOCU,256163106,346001.00,76954082.41,1.45
1/4/2021,ARKW,"OPENDOOR TECHNOLOGIES INC",OPEN,683712103,3146438.00,75545976.38,1.43
1/4/2021,ARKW,"KE HOLDINGS INC",BEKE,482497104,1290860.00,74237358.60,1.40
1/4/2021,ARKW,"MERCADOLIBRE INC",MELI,58733R102,45290.00,74275600.00,1.40
1/4/2021,ARKW,"2U INC",TWOU,90214J101,1892624.00,74001598.40,1.40
1/4/2021,ARKW,"NINTENDO CO LTD-UNSPONS ADR",NTDOY,654445303,875132.00,68872888.40,1.30
1/4/2021,ARKW,"ALIBABA GROUP HOLDING-SP ADR",BABA,01609W102,288152.00,65655433.20,1.24
1/4/2021,ARKW,"PELOTON INTERACTIVE INC-A",PTON,70614W100,446083.00,65110274.68,1.23
1/4/2021,ARKW,"TRADE DESK INC/THE -CLASS A",TTD,88339J105,82487.00,63797920.41,1.20
1/4/2021,ARKW,"AGORA INC-ADR",API,00851L103,1587336.00,63144226.08,1.19
1/4/2021,ARKW,"JD.COM INC-ADR",JD,47215P106,670587.00,57891775.71,1.09
1/4/2021,ARKW,"HUBSPOT INC",HUBS,443573100,144842.00,56161037.08,1.06
1/4/2021,ARKW,"APPLE INC",AAPL,037833100,427526.00,55326139.66,1.04
1/4/2021,ARKW,"CLOUDFLARE INC - CLASS A",NET,18915M107,732996.00,54674171.64,1.03
1/4/2021,ARKW,"SPLUNK INC",SPLK,848637104,323453.00,53812875.61,1.02
1/4/2021,ARKW,"TAIWAN SEMICONDUCTOR-SP ADR",TSM,874039100,474647.00,53018069.90,1.00
1/4/2021,ARKW,"ADOBE INC",ADBE,00724F101,108819.00,52814213.46,1.00
1/4/2021,ARKW,"ADYEN NV-UNSPON ADR",ADYEY,00783V104,1140257.00,51881693.50,0.98
1/4/2021,ARKW,"CROWDSTRIKE HOLDINGS INC - A",CRWD,22788C105,259858.00,52098930.42,0.98
1/4/2021,ARKW,"ATLASSIAN CORP PLC-CLASS A",TEAM,G06242104,221776.00,51354450.56,0.97
1/4/2021,ARKW,"SALESFORCE.COM INC",CRM,79466L302,225782.00,49742032.42,0.94
1/4/2021,ARKW,"SYNOPSYS INC",SNPS,871607107,184107.00,46892052.90,0.88
1/4/2021,ARKW,"OKTA INC",OKTA,679295105,184881.00,46344120.27,0.87
1/4/2021,ARKW,"LENDINGCLUB CORP",LC,52603A208,4628718.00,43972821.00,0.83
1/4/2021,ARKW,"BAIDU INC - SPON ADR",BIDU,056752108,186608.00,40456614.40,0.76
1/4/2021,ARKW,"NANO DIMENSION LTD - ADR",NNDM,63008G203,3660128.00,31220891.84,0.59
1/4/2021,ARKW,"PALANTIR TECHNOLOGIES INC-A",PLTR,69608A108,1331762.00,31123277.94,0.59
1/4/2021,ARKW,"MORGAN STANLEY GOVT INSTL 8035",,X9USDMORS,15143559.28,15143559.28,0.29
1/4/2021,ARKW,"SKILLZ INC",SKLZ,83067L109,215897.00,3929325.40,0.07
,,,,,,,
,,,,,,,
"The principal risks of investing in ARK ETFs include equity, market, management and non-diversification risks, as well as fluctuations in market value and net asset value ('NAV'). Investors should carefully consider the investment objectives and risks as well as charges and expenses of an ETF before investing. This and other information are contained in each ETF's prospectus, which may be obtained by contacting the ETF's transfer agent The Bank of New York Mellon or by clicking here. Please read the prospectus carefully before you invest. The market price of ETF shares may differ significantly from their NAV during periods of market volatility. ETF shares may only be redeemed directly with the ETF at NAV by Authorized Participants, in very large creation units. Holdings are subject to change without notice and are not a recommendation to buy or sell any security. There can be no guarantee that an active trading market for ETF shares will develop or be maintained, or that their listing will continue or remain unchanged. Buying or selling ETF shares on an exchange may require the payment of brokerage commissions and frequent trading may incur brokerage costs that detract significantly from investment returns. Copyright 2021, ARK Investment Management LLC. All content is original and has been researched and produced by ARK Investment Management LLC unless otherwise stated. No part of this content may be reproduced in any form, or referred to in any other publication, without the express written permission of ARK Investment Management LLC. All statements made regarding companies, securities or other financial information on this site or any sites or articles relating to ARK Investment Management LLC are strictly beliefs and points of view held by ARK Investment Management and are subject to change without notice. Information contained herein has been obtained from sources believed to be reliable, but not guaranteed. This material has been distributed for informational purposes only and should not be considered as investment advice or a recommendation of any particular security, strategy or investment product.",,,,,,
