date,fund,company,ticker,cusip,shares,"market value($)",weight(%)
1/20/2021,ARKK,"TESLA INC",TSLA,88160R101,2559358.00,2176606011.10,9.14
1/20/2021,ARKK,"ROKU INC",ROKU,77543R102,4223654.00,1809835739.00,7.60
1/20/2021,ARKK,"CRISPR THERAPEUTICS AG",CRSP,H17182108,6070635.00,1152024403.95,4.84
1/20/2021,ARKK,"SQUARE INC - A",SQ,852234103,4907452.00,1112273995.80,4.67
1/20/2021,ARKK,"TELADOC HEALTH INC",TDOC,87918A105,4444011.00,1096515274.14,4.61
1/20/2021,ARKK,"INVITAE CORP",NVTA,46185L103,17456809.00,993816136.37,4.18
1/20/2021,ARKK,"ZILLOW GROUP INC - C",Z,98954M200,4818470.00,715735533.80,3.01
1/20/2021,ARKK,"BAIDU INC - SPON ADR",BIDU,056752108,2685795.00,700723915.50,2.94
1/20/2021,ARKK,"SPOTIFY TECHNOLOGY SA",SPOT,L8681T102,1951500.00,646746615.00,2.72
1/20/2021,ARKK,"PROTO LABS INC",PRLB,743713109,3157475.00,604530163.50,2.54
1/20/2021,ARKK,"TWIST BIOSCIENCE CORP",TWST,90184D100,2855287.00,593814037.39,2.49
1/20/2021,ARKK,"INTELLIA THERAPEUTICS INC",NTLA,45826J105,6456860.00,520164641.60,2.19
1/20/2021,ARKK,"TWILIO INC - A",TWLO,90138F102,1310007.00,514793450.79,2.16
1/20/2021,ARKK,"PURE STORAGE INC - CLASS A",PSTG,74624M102,22255488.00,508983010.56,2.14
1/20/2021,ARKK,"EXACT SCIENCES CORP",EXAS,30063P105,3331538.00,500963369.06,2.10
1/20/2021,ARKK,"SHOPIFY INC - CLASS A",SHOP,82509L107,403751.00,484896875.98,2.04
1/20/2021,ARKK,"IOVANCE BIOTHERAPEUTICS INC",IOVA,462260100,9881055.00,483282400.05,2.03
1/20/2021,ARKK,"ZOOM VIDEO COMMUNICATIONS-A",ZM,98980L101,1255169.00,480478693.20,2.02
1/20/2021,ARKK,"EDITAS MEDICINE INC",EDIT,28106W103,6655763.00,477617552.88,2.01
1/20/2021,ARKK,"DOCUSIGN INC",DOCU,256163106,1862698.00,475565426.38,2.00
1/20/2021,ARKK,"PAYPAL HOLDINGS INC",PYPL,70450Y103,1935523.00,472770847.98,1.99
1/20/2021,ARKK,"TENCENT HOLDINGS LTD-UNS ADR",TCEHY,88032Q109,5247293.00,462129094.51,1.94
1/20/2021,ARKK,"MATERIALISE NV-ADR",MTLS,57667T100,6006937.00,421146353.07,1.77
1/20/2021,ARKK,"TAIWAN SEMICONDUCTOR-SP ADR",TSM,874039100,3124405.00,408172269.20,1.71
1/20/2021,ARKK,"LENDINGTREE INC","TREE UW",52603B107,1224240.00,390569287.20,1.64
1/20/2021,ARKK,"PAGERDUTY INC",PD,69553P100,7552637.00,373326846.91,1.57
1/20/2021,ARKK,"KE HOLDINGS INC",BEKE,482497104,4969363.00,361819320.03,1.52
1/20/2021,ARKK,"2U INC",TWOU,90214J101,8055366.00,358624894.32,1.51
1/20/2021,ARKK,"INTERCONTINENTAL EXCHANGE IN",ICE,45866F104,2971896.00,340846752.24,1.43
1/20/2021,ARKK,"SEA LTD-ADR",SE,81141R100,1235021.00,287945146.15,1.21
1/20/2021,ARKK,"PACIFIC BIOSCIENCES OF CALIF",PACB,69404D108,7257224.00,280019988.04,1.18
1/20/2021,ARKK,"NINTENDO CO LTD-UNSPONS ADR",NTDOY,654445303,3479931.00,274566555.90,1.15
1/20/2021,ARKK,"UNITY SOFTWARE INC",U,91332U101,1787321.00,263183017.25,1.11
1/20/2021,ARKK,"VERACYTE INC",VCYT,92337F107,4841473.00,262262592.41,1.10
1/20/2021,ARKK,"IRIDIUM COMMUNICATIONS INC",IRDM,46269C102,5409481.00,259655088.00,1.09
1/20/2021,ARKK,"STRATASYS LTD",SSYS,M85548101,7049806.00,256965428.70,1.08
1/20/2021,ARKK,"10X GENOMICS INC-CLASS A",TXG,88025U109,1295041.00,234454222.64,0.99
1/20/2021,ARKK,"SYNOPSYS INC",SNPS,871607107,845162.00,231092645.66,0.97
1/20/2021,ARKK,"MORGAN STANLEY GOVT INSTL 8035",,X9USDMORS,212397859.27,212397859.27,0.89
1/20/2021,ARKK,"REGENERON PHARMACEUTICALS",REGN,75886F107,382671.00,207511003.17,0.87
1/20/2021,ARKK,"SPLUNK INC",SPLK,848637104,1206162.00,208255930.92,0.87
1/20/2021,ARKK,"SERES THERAPEUTICS INC",MCRB,81750R102,8038025.00,204165835.00,0.86
1/20/2021,ARKK,"PINTEREST INC- CLASS A",PINS,72352L106,2546653.00,184988873.92,0.78
1/20/2021,ARKK,"HUYA INC-ADR",HUYA,44852D108,6879589.00,159744056.58,0.67
1/20/2021,ARKK,"CERUS CORP",CERS,157085101,19063301.00,138876147.79,0.58
1/20/2021,ARKK,"COMPUGEN LTD",CGEN,M25722105,10153376.00,134633765.76,0.57
1/20/2021,ARKK,"NANOSTRING TECHNOLOGIES INC",NSTG,63009R109,1725059.00,122410186.64,0.51
1/20/2021,ARKK,"NOVARTIS AG-SPONSORED ADR",NVS,66987V109,1222508.00,118485475.36,0.50
1/20/2021,ARKK,"SYROS PHARMACEUTICALS INC",SYRS,87184Q107,5056505.00,66543605.80,0.28
1/20/2021,ARKK,"FATE THERAPEUTICS INC",FATE,31189P102,279756.00,30496201.56,0.13
1/20/2021,ARKK,"PACCAR INC",PCAR,693718108,174100.00,15562799.00,0.07
1/20/2021,ARKK,"ORGANOVO HOLDINGS INC","ONVO ",68620A203,565755.00,8656051.50,0.04
,,,,,,,
,,,,,,,
"The principal risks of investing in ARK ETFs include equity, market, management and non-diversification risks, as well as fluctuations in market value and net asset value ('NAV'). Investors should carefully consider the investment objectives and risks as well as charges and expenses of an ETF before investing. This and other information are contained in each ETF's prospectus, which may be obtained by contacting the ETF's transfer agent The Bank of New York Mellon or by clicking here. Please read the prospectus carefully before you invest. The market price of ETF shares may differ significantly from their NAV during periods of market volatility. ETF shares may only be redeemed directly with the ETF at NAV by Authorized Participants, in very large creation units. Holdings are subject to change without notice and are not a recommendation to buy or sell any security. There can be no guarantee that an active trading market for ETF shares will develop or be maintained, or that their listing will continue or remain unchanged. Buying or selling ETF shares on an exchange may require the payment of brokerage commissions and frequent trading may incur brokerage costs that detract significantly from investment returns. Copyright 2021, ARK Investment Management LLC. All content is original and has been researched and produced by ARK Investment Management LLC unless otherwise stated. No part of this content may be reproduced in any form, or referred to in any other publication, without the express written permission of ARK Investment Management LLC. All statements made regarding companies, securities or other financial information on this site or any sites or articles relating to ARK Investment Management LLC are strictly beliefs and points of view held by ARK Investment Management and are subject to change without notice. Information contained herein has been obtained from sources believed to be reliable, but not guaranteed. This material has been distributed for informational purposes only and should not be considered as investment advice or a recommendation of any particular security, strategy or investment product.",,,,,,
