date,fund,company,ticker,cusip,shares,"market value($)",weight(%)
1/11/2021,ARKW,"TESLA INC",TSLA,88160R101,725266.00,588328526.54,10.06
1/11/2021,ARKW,"ROKU INC",ROKU,77543R102,862104.00,347539985.52,5.94
1/11/2021,ARKW,"SQUARE INC - A",SQ,852234103,1084166.00,244479433.00,4.18
1/11/2021,ARKW,"GRAYSCALE BITCOIN TRUST BTC",GBTC,389637109,6445269.00,241053060.60,4.12
1/11/2021,ARKW,"TELADOC HEALTH INC",TDOC,87918A105,981308.00,216731684.88,3.71
1/11/2021,ARKW,"SPOTIFY TECHNOLOGY SA",SPOT,L8681T102,555732.00,191210709.24,3.27
1/11/2021,ARKW,"TENCENT HOLDINGS LTD-UNS ADR",TCEHY,88032Q109,2422437.00,183499602.75,3.14
1/11/2021,ARKW,"PURE STORAGE INC - CLASS A",PSTG,74624M102,6570108.00,154594641.24,2.64
1/11/2021,ARKW,"SNAP INC - A",SNAP,83304A106,2483005.00,135025811.90,2.31
1/11/2021,ARKW,"PINTEREST INC- CLASS A",PINS,72352L106,1814076.00,130069249.20,2.22
1/11/2021,ARKW,"FACEBOOK INC-CLASS A",FB,30303M102,505782.00,129905048.88,2.22
1/11/2021,ARKW,"INTERCONTINENTAL EXCHANGE IN",ICE,45866F104,1044711.00,122910249.15,2.10
1/11/2021,ARKW,"SEA LTD-ADR",SE,81141R100,586692.00,122653829.52,2.10
1/11/2021,ARKW,"PAYPAL HOLDINGS INC",PYPL,70450Y103,512857.00,121803537.50,2.08
1/11/2021,ARKW,"NETFLIX INC",NFLX,64110L106,241373.00,120469264.30,2.06
1/11/2021,ARKW,"ZILLOW GROUP INC - C",Z,98954M200,823243.00,117880165.17,2.02
1/11/2021,ARKW,"SHOPIFY INC - CLASS A",SHOP,82509L107,97587.00,114922354.68,1.97
1/11/2021,ARKW,"TWILIO INC - A",TWLO,90138F102,299494.00,108419822.94,1.85
1/11/2021,ARKW,"FASTLY INC - CLASS A",FSLY,31188V100,1197190.00,101868897.10,1.74
1/11/2021,ARKW,"DOCUSIGN INC",DOCU,256163106,420638.00,101356932.48,1.73
1/11/2021,ARKW,"PAGERDUTY INC",PD,69553P100,2237999.00,98292916.08,1.68
1/11/2021,ARKW,"OPENDOOR TECHNOLOGIES INC",OPEN,683712103,3693234.00,96873527.82,1.66
1/11/2021,ARKW,"LENDINGTREE INC","TREE UW",52603B107,356781.00,96245242.56,1.65
1/11/2021,ARKW,"HUYA INC-ADR",HUYA,44852D108,4582960.00,95142249.60,1.63
1/11/2021,ARKW,"NVIDIA CORP",NVDA,67066G104,161267.00,87867937.62,1.50
1/11/2021,ARKW,"KE HOLDINGS INC",BEKE,482497104,1342291.00,86295888.39,1.48
1/11/2021,ARKW,"MERCADOLIBRE INC",MELI,58733R102,47088.00,82947866.40,1.42
1/11/2021,ARKW,"VERACYTE INC",VCYT,92337F107,1654255.00,82481154.30,1.41
1/11/2021,ARKW,"2U INC",TWOU,90214J101,1892624.00,82139881.60,1.40
1/11/2021,ARKW,"ZOOM VIDEO COMMUNICATIONS-A",ZM,98980L101,232627.00,78560464.17,1.34
1/11/2021,ARKW,"BAIDU INC - SPON ADR",BIDU,056752108,332279.00,72951854.45,1.25
1/11/2021,ARKW,"NINTENDO CO LTD-UNSPONS ADR",NTDOY,654445303,909990.00,72153107.10,1.23
1/11/2021,ARKW,"UNITY SOFTWARE INC",U,91332U101,506162.00,71626984.62,1.22
1/11/2021,ARKW,"PELOTON INTERACTIVE INC-A",PTON,70614W100,463860.00,70664432.40,1.21
1/11/2021,ARKW,"AGORA INC-ADR",API,00851L103,1650599.00,70414553.34,1.20
1/11/2021,ARKW,"ALIBABA GROUP HOLDING-SP ADR",BABA,01609W102,299636.00,68128237.32,1.17
1/11/2021,ARKW,"TRADE DESK INC/THE -CLASS A",TTD,88339J105,85764.00,66835027.56,1.14
1/11/2021,ARKW,"JD.COM INC-ADR",JD,47215P106,697296.00,63021612.48,1.08
1/11/2021,ARKW,"CROWDSTRIKE HOLDINGS INC - A",CRWD,22788C105,270211.00,62753802.64,1.07
1/11/2021,ARKW,"HUBSPOT INC",HUBS,443573100,150613.00,60615707.98,1.04
1/11/2021,ARKW,"TAIWAN SEMICONDUCTOR-SP ADR",TSM,874039100,493555.00,60509843.00,1.03
1/11/2021,ARKW,"CLOUDFLARE INC - CLASS A",NET,18915M107,762199.00,58308223.50,1.00
1/11/2021,ARKW,"APPLE INC",AAPL,037833100,444549.00,57337930.02,0.98
1/11/2021,ARKW,"SPLUNK INC",SPLK,848637104,336336.00,56003307.36,0.96
1/11/2021,ARKW,"ADOBE INC",ADBE,00724F101,113169.00,53669266.56,0.92
1/11/2021,ARKW,"ATLASSIAN CORP PLC-CLASS A",TEAM,G06242104,230621.00,53197346.07,0.91
1/11/2021,ARKW,"SALESFORCE.COM INC",CRM,79466L302,234772.00,51238989.00,0.88
1/11/2021,ARKW,"LENDINGCLUB CORP",LC,52603A208,4628718.00,50684462.10,0.87
1/11/2021,ARKW,"ADYEN NV-UNSPON ADR",ADYEY,00783V104,1185695.00,50510607.00,0.86
1/11/2021,ARKW,"SYNOPSYS INC",SNPS,871607107,191444.00,49857760.92,0.85
1/11/2021,ARKW,"OKTA INC",OKTA,679295105,192247.00,48484693.40,0.83
1/11/2021,ARKW,"PALANTIR TECHNOLOGIES INC-A",PLTR,69608A108,1384832.00,35908693.76,0.61
1/11/2021,ARKW,"NANO DIMENSION LTD - ADR",NNDM,63008G203,3805955.00,35357321.95,0.60
1/11/2021,ARKW,"MORGAN STANLEY GOVT INSTL 8035",,X9USDMORS,14601728.21,14601728.21,0.25
1/11/2021,ARKW,"SKILLZ INC",SKLZ,83067L109,477163.00,11189472.35,0.19
,,,,,,,
,,,,,,,
"The principal risks of investing in ARK ETFs include equity, market, management and non-diversification risks, as well as fluctuations in market value and net asset value ('NAV'). Investors should carefully consider the investment objectives and risks as well as charges and expenses of an ETF before investing. This and other information are contained in each ETF's prospectus, which may be obtained by contacting the ETF's transfer agent The Bank of New York Mellon or by clicking here. Please read the prospectus carefully before you invest. The market price of ETF shares may differ significantly from their NAV during periods of market volatility. ETF shares may only be redeemed directly with the ETF at NAV by Authorized Participants, in very large creation units. Holdings are subject to change without notice and are not a recommendation to buy or sell any security. There can be no guarantee that an active trading market for ETF shares will develop or be maintained, or that their listing will continue or remain unchanged. Buying or selling ETF shares on an exchange may require the payment of brokerage commissions and frequent trading may incur brokerage costs that detract significantly from investment returns. Copyright 2021, ARK Investment Management LLC. All content is original and has been researched and produced by ARK Investment Management LLC unless otherwise stated. No part of this content may be reproduced in any form, or referred to in any other publication, without the express written permission of ARK Investment Management LLC. All statements made regarding companies, securities or other financial information on this site or any sites or articles relating to ARK Investment Management LLC are strictly beliefs and points of view held by ARK Investment Management and are subject to change without notice. Information contained herein has been obtained from sources believed to be reliable, but not guaranteed. This material has been distributed for informational purposes only and should not be considered as investment advice or a recommendation of any particular security, strategy or investment product.",,,,,,
