date,fund,company,ticker,cusip,shares,"market value($)",weight(%)
1/22/2021,ARKW,"TESLA INC",TSLA,88160R101,734049.00,621475245.36,9.28
1/22/2021,ARKW,"ROKU INC",ROKU,77543R102,788853.00,333566491.05,4.98
1/22/2021,ARKW,"TELADOC HEALTH INC",TDOC,87918A105,1051295.00,276490585.00,4.13
1/22/2021,ARKW,"SQUARE INC - A",SQ,852234103,1161494.00,258873782.72,3.87
1/22/2021,ARKW,"GRAYSCALE BITCOIN TRUST BTC",GBTC,389637109,6905057.00,237879213.65,3.55
1/22/2021,ARKW,"TENCENT HOLDINGS LTD-UNS ADR",TCEHY,88032Q109,2595227.00,234478759.45,3.50
1/22/2021,ARKW,"SPOTIFY TECHNOLOGY SA",SPOT,L8681T102,595368.00,201805937.28,3.01
1/22/2021,ARKW,"NETFLIX INC",NFLX,64110L106,308639.00,174433503.63,2.61
1/22/2021,ARKW,"PURE STORAGE INC - CLASS A",PSTG,74624M102,6536496.00,150208678.08,2.24
1/22/2021,ARKW,"FACEBOOK INC-CLASS A",FB,30303M102,541854.00,148738923.00,2.22
1/22/2021,ARKW,"SEA LTD-ADR",SE,81141R100,628542.00,148643897.58,2.22
1/22/2021,ARKW,"FASTLY INC - CLASS A",FSLY,31188V100,1424007.00,147071442.96,2.20
1/22/2021,ARKW,"PINTEREST INC- CLASS A",PINS,72352L106,1943488.00,142030103.04,2.12
1/22/2021,ARKW,"PAYPAL HOLDINGS INC",PYPL,70450Y103,549443.00,138459636.00,2.07
1/22/2021,ARKW,"ZOOM VIDEO COMMUNICATIONS-A",ZM,98980L101,343215.00,131588631.00,1.97
1/22/2021,ARKW,"ZILLOW GROUP INC - C",Z,98954M200,881969.00,128608719.58,1.92
1/22/2021,ARKW,"SNAP INC - A",SNAP,83304A106,2397639.00,128441521.23,1.92
1/22/2021,ARKW,"TWILIO INC - A",TWLO,90138F102,320878.00,125787384.78,1.88
1/22/2021,ARKW,"SHOPIFY INC - CLASS A",SHOP,82509L107,104553.00,125118575.10,1.87
1/22/2021,ARKW,"INTERCONTINENTAL EXCHANGE IN",ICE,45866F104,1119231.00,125264333.52,1.87
1/22/2021,ARKW,"DOCUSIGN INC",DOCU,256163106,450649.00,114983092.35,1.72
1/22/2021,ARKW,"OPENDOOR TECHNOLOGIES INC",OPEN,683712103,3956714.00,115298645.96,1.72
1/22/2021,ARKW,"LENDINGTREE INC","TREE UW",52603B107,354957.00,112890524.28,1.69
1/22/2021,ARKW,"HUYA INC-ADR",HUYA,44852D108,4710087.00,113183390.61,1.69
1/22/2021,ARKW,"PAGERDUTY INC",PD,69553P100,2226551.00,108811547.37,1.63
1/22/2021,ARKW,"BAIDU INC - SPON ADR",BIDU,056752108,422212.00,106714083.00,1.59
1/22/2021,ARKW,"KE HOLDINGS INC",BEKE,482497104,1438040.00,102747958.00,1.53
1/22/2021,ARKW,"NVIDIA CORP",NVDA,67066G104,172769.00,94763796.50,1.42
1/22/2021,ARKW,"VERACYTE INC",VCYT,92337F107,1645791.00,90913494.84,1.36
1/22/2021,ARKW,"TAIWAN SEMICONDUCTOR-SP ADR",TSM,874039100,679037.00,87690838.18,1.31
1/22/2021,ARKW,"UNITY SOFTWARE INC",U,91332U101,542288.00,83528620.64,1.25
1/22/2021,ARKW,"ALIBABA GROUP HOLDING-SP ADR",BABA,01609W102,321020.00,83022192.40,1.24
1/22/2021,ARKW,"2U INC",TWOU,90214J101,1882940.00,82792871.80,1.24
1/22/2021,ARKW,"AGORA INC-ADR",API,00851L103,1768357.00,82016397.66,1.22
1/22/2021,ARKW,"PELOTON INTERACTIVE INC-A",PTON,70614W100,496962.00,79389679.50,1.19
1/22/2021,ARKW,"MERCADOLIBRE INC",MELI,58733R102,40253.00,79099157.65,1.18
1/22/2021,ARKW,"SALESFORCE.COM INC",CRM,79466L302,341160.00,77023693.20,1.15
1/22/2021,ARKW,"NINTENDO CO LTD-UNSPONS ADR",NTDOY,654445303,974898.00,75544846.02,1.13
1/22/2021,ARKW,"TRADE DESK INC/THE -CLASS A",TTD,88339J105,91866.00,74683383.36,1.12
1/22/2021,ARKW,"JD.COM INC-ADR",JD,47215P106,747030.00,70900617.30,1.06
1/22/2021,ARKW,"ADOBE INC",ADBE,00724F101,149914.00,70825370.16,1.06
1/22/2021,ARKW,"ADYEN NV-UNSPON ADR",ADYEY,00783V104,1465601.00,69029807.10,1.03
1/22/2021,ARKW,"CLOUDFLARE INC - CLASS A",NET,18915M107,816577.00,68159682.19,1.02
1/22/2021,ARKW,"SYNOPSYS INC",SNPS,871607107,252516.00,68214672.24,1.02
1/22/2021,ARKW,"APPLE INC",AAPL,037833100,476247.00,66231670.29,0.99
1/22/2021,ARKW,"PALANTIR TECHNOLOGIES INC-A",PLTR,69608A108,1999167.00,65132860.86,0.97
1/22/2021,ARKW,"CROWDSTRIKE HOLDINGS INC - A",CRWD,22788C105,289489.00,64706581.28,0.97
1/22/2021,ARKW,"HUBSPOT INC",HUBS,443573100,161359.00,63491539.32,0.95
1/22/2021,ARKW,"NANO DIMENSION LTD - ADR",NNDM,63008G203,4077509.00,58675354.51,0.88
1/22/2021,ARKW,"ATLASSIAN CORP PLC-CLASS A",TEAM,G06242104,247091.00,58177575.95,0.87
1/22/2021,ARKW,"OKTA INC",OKTA,679295105,205963.00,54374232.00,0.81
1/22/2021,ARKW,"LENDINGCLUB CORP",LC,52603A208,4605038.00,53464491.18,0.80
1/22/2021,ARKW,"SILVERGATE CAPITAL CORP-CL A",SI,82837P408,500000.00,38080000.00,0.57
1/22/2021,ARKW,"SPLUNK INC",SPLK,848637104,193556.00,33078720.40,0.49
1/22/2021,ARKW,"SKILLZ INC",SKLZ,83067L109,952810.00,26688208.10,0.40
1/22/2021,ARKW,"MORGAN STANLEY GOVT INSTL 8035",,X9USDMORS,22613096.25,22613096.25,0.34
,,,,,,,
,,,,,,,
"The principal risks of investing in ARK ETFs include equity, market, management and non-diversification risks, as well as fluctuations in market value and net asset value ('NAV'). Investors should carefully consider the investment objectives and risks as well as charges and expenses of an ETF before investing. This and other information are contained in each ETF's prospectus, which may be obtained by contacting the ETF's transfer agent The Bank of New York Mellon or by clicking here. Please read the prospectus carefully before you invest. The market price of ETF shares may differ significantly from their NAV during periods of market volatility. ETF shares may only be redeemed directly with the ETF at NAV by Authorized Participants, in very large creation units. Holdings are subject to change without notice and are not a recommendation to buy or sell any security. There can be no guarantee that an active trading market for ETF shares will develop or be maintained, or that their listing will continue or remain unchanged. Buying or selling ETF shares on an exchange may require the payment of brokerage commissions and frequent trading may incur brokerage costs that detract significantly from investment returns. Copyright 2021, ARK Investment Management LLC. All content is original and has been researched and produced by ARK Investment Management LLC unless otherwise stated. No part of this content may be reproduced in any form, or referred to in any other publication, without the express written permission of ARK Investment Management LLC. All statements made regarding companies, securities or other financial information on this site or any sites or articles relating to ARK Investment Management LLC are strictly beliefs and points of view held by ARK Investment Management and are subject to change without notice. Information contained herein has been obtained from sources believed to be reliable, but not guaranteed. This material has been distributed for informational purposes only and should not be considered as investment advice or a recommendation of any particular security, strategy or investment product.",,,,,,
