date,fund,company,ticker,cusip,shares,"market value($)",weight(%)
1/12/2021,ARKG,"PACIFIC BIOSCIENCES OF CALIF",PACB,69404D108,18962195.00,630208569.79,6.54
1/12/2021,ARKG,"TELADOC HEALTH INC",TDOC,87918A105,2704227.00,622215590.43,6.46
1/12/2021,ARKG,"TWIST BIOSCIENCE CORP",TWST,90184D100,3324867.00,541421342.28,5.62
1/12/2021,ARKG,"CRISPR THERAPEUTICS AG",CRSP,H17182108,2717981.00,517340503.54,5.37
1/12/2021,ARKG,"CAREDX INC",CDNA,14167L103,4484222.00,372369794.88,3.87
1/12/2021,ARKG,"FATE THERAPEUTICS INC",FATE,31189P102,3203133.00,358911052.65,3.73
1/12/2021,ARKG,"REGENERON PHARMACEUTICALS",REGN,75886F107,705610.00,356862257.50,3.71
1/12/2021,ARKG,"EXACT SCIENCES CORP",EXAS,30063P105,2270246.00,336949911.32,3.50
1/12/2021,ARKG,"IOVANCE BIOTHERAPEUTICS INC",IOVA,462260100,6496730.00,322887481.00,3.35
1/12/2021,ARKG,"INVITAE CORP",NVTA,46185L103,6180483.00,294129185.97,3.05
1/12/2021,ARKG,"ROCHE HOLDINGS LTD-SPONS ADR",RHHBY,771195104,6623392.00,292290288.96,3.03
1/12/2021,ARKG,"VERTEX PHARMACEUTICALS INC",VRTX,92532F100,1205304.00,276472631.52,2.87
1/12/2021,ARKG,"PERSONALIS INC",PSNL,71535D106,6739994.00,268116961.32,2.78
1/12/2021,ARKG,"ARCTURUS THERAPEUTICS HOLDIN","ARCT UQ",03969T109,3935339.00,247493469.71,2.57
1/12/2021,ARKG,"NOVARTIS AG-SPONSORED ADR",NVS,66987V109,2578693.00,242010338.05,2.51
1/12/2021,ARKG,"TAKEDA PHARMACEUTIC-SP ADR","TAK UN",874060205,12038953.00,219951671.31,2.28
1/12/2021,ARKG,"PURE STORAGE INC - CLASS A",PSTG,74624M102,8710400.00,203997568.00,2.12
1/12/2021,ARKG,"INCYTE CORP",INCY,45337C102,1967898.00,185592460.38,1.93
1/12/2021,ARKG,"ALPHABET INC-CL A",GOOGL,02079K305,103947.00,180600636.21,1.88
1/12/2021,ARKG,"CASTLE BIOSCIENCES INC",CSTL,14843C105,2284109.00,180444611.00,1.87
1/12/2021,ARKG,"BERKELEY LIGHTS INC",BLI,084310101,2007568.00,176164092.00,1.83
1/12/2021,ARKG,"MORGAN STANLEY GOVT INSTL 8035",,X9USDMORS,172079519.47,172079519.47,1.79
1/12/2021,ARKG,"CELLECTIS - ADR",CLLS,15117K103,6036351.00,168233102.37,1.75
1/12/2021,ARKG,"INTELLIA THERAPEUTICS INC",NTLA,45826J105,2178866.00,164918367.54,1.71
1/12/2021,ARKG,"IONIS PHARMACEUTICALS INC",IONS,462222100,2650282.00,156764180.30,1.63
1/12/2021,ARKG,"SCHRODINGER INC",SDGR,80810D103,1540791.00,137977834.05,1.43
1/12/2021,ARKG,"EDITAS MEDICINE INC",EDIT,28106W103,1812076.00,135905700.00,1.41
1/12/2021,ARKG,"ACCOLADE INC",ACCD,00437E102,2693664.00,124312593.60,1.29
1/12/2021,ARKG,"BEAM THERAPEUTICS INC",BEAM,07373V105,1249612.00,121287340.72,1.26
1/12/2021,ARKG,"VEEVA SYSTEMS INC-CLASS A",VEEV,922475108,411746.00,116581762.44,1.21
1/12/2021,ARKG,"VERACYTE INC",VCYT,92337F107,2154080.00,107617836.80,1.12
1/12/2021,ARKG,"ADAPTIVE BIOTECHNOLOGIES",ADPT,00650F109,1706173.00,106567565.58,1.11
1/12/2021,ARKG,"THERMO FISHER SCIENTIFIC INC",TMO,883556102,209251.00,104368121.27,1.08
1/12/2021,ARKG,"10X GENOMICS INC-CLASS A",TXG,88025U109,589022.00,98773099.18,1.03
1/12/2021,ARKG,"CODEXIS INC",CDXS,192005106,4375068.00,98001523.20,1.02
1/12/2021,ARKG,"SAREPTA THERAPEUTICS INC",SRPT,803607100,1129972.00,98623956.16,1.02
1/12/2021,ARKG,"BRISTOL-MYERS SQUIBB CO",BMY,110122108,1469267.00,96134139.81,1.00
1/12/2021,ARKG,"GUARDANT HEALTH INC",GH,40131M109,596734.00,95519211.38,0.99
1/12/2021,ARKG,"SERES THERAPEUTICS INC",MCRB,81750R102,3552954.00,94224340.08,0.98
1/12/2021,ARKG,"PHREESIA INC",PHR,71944F106,1453205.00,87802646.10,0.91
1/12/2021,ARKG,"AQUABOUNTY TECHNOLOGIES",AQB,03842K200,8619409.00,82789423.45,0.86
1/12/2021,ARKG,"NANOSTRING TECHNOLOGIES INC",NSTG,63009R109,1125668.00,76016360.04,0.79
1/12/2021,ARKG,"COMPUGEN LTD",CGEN,M25722105,5721282.00,73289622.42,0.76
1/12/2021,ARKG,"CERUS CORP",CERS,157085101,8154380.00,59690061.60,0.62
1/12/2021,ARKG,"REPARE THERAPEUTICS INC",RPTX,760273102,863498.00,36180566.20,0.38
1/12/2021,ARKG,"SYROS PHARMACEUTICALS INC",SYRS,87184Q107,3159384.00,36648854.40,0.38
1/12/2021,ARKG,"SURFACE ONCOLOGY INC",SURF,86877M209,3036471.00,33917381.07,0.35
1/12/2021,ARKG,"LONGVIEW ACQUISITION CORP-A",LGVW,543195101,1665385.00,32957969.15,0.34
1/12/2021,ARKG,"PLURISTEM THERAPEUTICS INC",PSTI,72940R300,3836111.00,31878082.41,0.33
1/12/2021,ARKG,"908 DEVICES INC",MASS,65443P102,484064.00,27659416.96,0.29
1/12/2021,ARKG,"EVOGENE LTD",EVGN,M4119S104,4583323.00,23924946.06,0.25
1/12/2021,ARKG,"ORGANOVO HOLDINGS INC","ONVO ",68620A203,374190.00,4647439.80,0.05
,,,,,,,
,,,,,,,
"The principal risks of investing in ARK ETFs include equity, market, management and non-diversification risks, as well as fluctuations in market value and net asset value ('NAV'). Investors should carefully consider the investment objectives and risks as well as charges and expenses of an ETF before investing. This and other information are contained in each ETF's prospectus, which may be obtained by contacting the ETF's transfer agent The Bank of New York Mellon or by clicking here. Please read the prospectus carefully before you invest. The market price of ETF shares may differ significantly from their NAV during periods of market volatility. ETF shares may only be redeemed directly with the ETF at NAV by Authorized Participants, in very large creation units. Holdings are subject to change without notice and are not a recommendation to buy or sell any security. There can be no guarantee that an active trading market for ETF shares will develop or be maintained, or that their listing will continue or remain unchanged. Buying or selling ETF shares on an exchange may require the payment of brokerage commissions and frequent trading may incur brokerage costs that detract significantly from investment returns. Copyright 2021, ARK Investment Management LLC. All content is original and has been researched and produced by ARK Investment Management LLC unless otherwise stated. No part of this content may be reproduced in any form, or referred to in any other publication, without the express written permission of ARK Investment Management LLC. All statements made regarding companies, securities or other financial information on this site or any sites or articles relating to ARK Investment Management LLC are strictly beliefs and points of view held by ARK Investment Management and are subject to change without notice. Information contained herein has been obtained from sources believed to be reliable, but not guaranteed. This material has been distributed for informational purposes only and should not be considered as investment advice or a recommendation of any particular security, strategy or investment product.",,,,,,
