date,fund,company,ticker,cusip,shares,"market value($)",weight(%)
1/27/2021,ARKK,"TESLA INC",TSLA,88160R101,2589264.00,2237538378.24,9.80
1/27/2021,ARKK,"ROKU INC",ROKU,77543R102,4012677.00,1614139450.02,7.07
1/27/2021,ARKK,"TELADOC HEALTH INC",TDOC,87918A105,4495919.00,1231612050.86,5.40
1/27/2021,ARKK,"SQUARE INC - A",SQ,852234103,4964808.00,1005175027.68,4.40
1/27/2021,ARKK,"CRISPR THERAPEUTICS AG",CRSP,H17182108,6030285.00,988665225.75,4.33
1/27/2021,ARKK,"INVITAE CORP",NVTA,46185L103,17340761.00,826980892.09,3.62
1/27/2021,ARKK,"PROTO LABS INC",PRLB,743713109,3088854.00,776815892.46,3.40
1/27/2021,ARKK,"SPOTIFY TECHNOLOGY SA",SPOT,L8681T102,1974300.00,651894117.00,2.86
1/27/2021,ARKK,"BAIDU INC - SPON ADR",BIDU,056752108,2717183.00,644461463.94,2.82
1/27/2021,ARKK,"ZILLOW GROUP INC - C",Z,98954M200,4874781.00,621388334.07,2.72
1/27/2021,ARKK,"TENCENT HOLDINGS LTD-UNS ADR",TCEHY,88032Q109,5899546.00,520398952.66,2.28
1/27/2021,ARKK,"PURE STORAGE INC - CLASS A",PSTG,74624M102,22107524.00,504051547.20,2.21
1/27/2021,ARKK,"PAYPAL HOLDINGS INC",PYPL,70450Y103,2149638.00,494287761.72,2.17
1/27/2021,ARKK,"SHOPIFY INC - CLASS A",SHOP,82509L107,448267.00,489543425.36,2.15
1/27/2021,ARKK,"ZOOM VIDEO COMMUNICATIONS-A",ZM,98980L101,1269837.00,470779369.38,2.06
1/27/2021,ARKK,"TWIST BIOSCIENCE CORP",TWST,90184D100,2888651.00,462213046.51,2.03
1/27/2021,ARKK,"EXACT SCIENCES CORP",EXAS,30063P105,3370469.00,461248682.65,2.02
1/27/2021,ARKK,"TAIWAN SEMICONDUCTOR-SP ADR",TSM,874039100,3706281.00,451202648.94,1.98
1/27/2021,ARKK,"TWILIO INC - A",TWLO,90138F102,1325321.00,447653674.17,1.96
1/27/2021,ARKK,"IOVANCE BIOTHERAPEUTICS INC",IOVA,462260100,9996521.00,425651864.18,1.87
1/27/2021,ARKK,"DOCUSIGN INC",DOCU,256163106,1884486.00,424367402.34,1.86
1/27/2021,ARKK,"LENDINGTREE INC","TREE UW",52603B107,1216100.00,403307404.00,1.77
1/27/2021,ARKK,"EDITAS MEDICINE INC",EDIT,28106W103,6611519.00,399996899.50,1.75
1/27/2021,ARKK,"MATERIALISE NV-ADR",MTLS,57667T100,5967005.00,387437634.65,1.70
1/27/2021,ARKK,"INTELLIA THERAPEUTICS INC",NTLA,45826J105,6413936.00,372713820.96,1.63
1/27/2021,ARKK,"PAGERDUTY INC",PD,69553P100,7502431.00,362592490.23,1.59
1/27/2021,ARKK,"INTERCONTINENTAL EXCHANGE IN",ICE,45866F104,3006628.00,328774771.80,1.44
1/27/2021,ARKK,"2U INC",TWOU,90214J101,8001808.00,322392844.32,1.41
1/27/2021,ARKK,"STRATASYS LTD",SSYS,M85548101,7002944.00,315972833.28,1.38
1/27/2021,ARKK,"KE HOLDINGS INC",BEKE,482497104,5027427.00,310896085.68,1.36
1/27/2021,ARKK,"NINTENDO CO LTD-UNSPONS ADR",NTDOY,654445303,4003107.00,297350787.96,1.30
1/27/2021,ARKK,"UNITY SOFTWARE INC",U,91332U101,1808214.00,281828234.04,1.23
1/27/2021,ARKK,"IRIDIUM COMMUNICATIONS INC",IRDM,46269C102,5472714.00,266247536.10,1.17
1/27/2021,ARKK,"SEA LTD-ADR",SE,81141R100,1249461.00,257114084.58,1.13
1/27/2021,ARKK,"VERACYTE INC",VCYT,92337F107,4809293.00,248929005.68,1.09
1/27/2021,ARKK,"REGENERON PHARMACEUTICALS",REGN,75886F107,472133.00,243412889.48,1.07
1/27/2021,ARKK,"10X GENOMICS INC-CLASS A",TXG,88025U109,1430701.00,233519017.22,1.02
1/27/2021,ARKK,"PACIFIC BIOSCIENCES OF CALIF",PACB,69404D108,7208976.00,223910794.56,0.98
1/27/2021,ARKK,"SYNOPSYS INC",SNPS,871607107,855042.00,217633840.26,0.95
1/27/2021,ARKK,"SPLUNK INC",SPLK,848637104,1220260.00,205784646.40,0.90
1/27/2021,ARKK,"PINTEREST INC- CLASS A",PINS,72352L106,3192819.00,206479604.73,0.90
1/27/2021,ARKK,"SERES THERAPEUTICS INC",MCRB,81750R102,7984585.00,182288075.55,0.80
1/27/2021,ARKK,"HUYA INC-ADR",HUYA,44852D108,6833849.00,176586658.16,0.77
1/27/2021,ARKK,"NOVARTIS AG-SPONSORED ADR",NVS,66987V109,1599767.00,148618354.30,0.65
1/27/2021,ARKK,"CERUS CORP",CERS,157085101,18936575.00,124034566.25,0.54
1/27/2021,ARKK,"PACCAR INC",PCAR,693718108,1243745.00,119897018.00,0.53
1/27/2021,ARKK,"COMPUGEN LTD",CGEN,M25722105,9962980.00,113976491.20,0.50
1/27/2021,ARKK,"NANOSTRING TECHNOLOGIES INC",NSTG,63009R109,1647464.00,104762235.76,0.46
1/27/2021,ARKK,"MORGAN STANLEY GOVT INSTL 8035",,X9USDMORS,102585712.06,102585712.06,0.45
1/27/2021,ARKK,"SYROS PHARMACEUTICALS INC",SYRS,87184Q107,5022895.00,52439023.80,0.23
1/27/2021,ARKK,"FATE THERAPEUTICS INC",FATE,31189P102,443024.00,38773460.48,0.17
1/27/2021,ARKK,"BEAM THERAPEUTICS INC",BEAM,07373V105,144338.00,13280539.38,0.06
1/27/2021,ARKK,"ORGANOVO HOLDINGS INC","ONVO ",68620A203,500416.00,6800653.44,0.03
,,,,,,,
,,,,,,,
"The principal risks of investing in ARK ETFs include equity, market, management and non-diversification risks, as well as fluctuations in market value and net asset value ('NAV'). Investors should carefully consider the investment objectives and risks as well as charges and expenses of an ETF before investing. This and other information are contained in each ETF's prospectus, which may be obtained by contacting the ETF's transfer agent The Bank of New York Mellon or by clicking here. Please read the prospectus carefully before you invest. The market price of ETF shares may differ significantly from their NAV during periods of market volatility. ETF shares may only be redeemed directly with the ETF at NAV by Authorized Participants, in very large creation units. Holdings are subject to change without notice and are not a recommendation to buy or sell any security. There can be no guarantee that an active trading market for ETF shares will develop or be maintained, or that their listing will continue or remain unchanged. Buying or selling ETF shares on an exchange may require the payment of brokerage commissions and frequent trading may incur brokerage costs that detract significantly from investment returns. Copyright 2021, ARK Investment Management LLC. All content is original and has been researched and produced by ARK Investment Management LLC unless otherwise stated. No part of this content may be reproduced in any form, or referred to in any other publication, without the express written permission of ARK Investment Management LLC. All statements made regarding companies, securities or other financial information on this site or any sites or articles relating to ARK Investment Management LLC are strictly beliefs and points of view held by ARK Investment Management and are subject to change without notice. Information contained herein has been obtained from sources believed to be reliable, but not guaranteed. This material has been distributed for informational purposes only and should not be considered as investment advice or a recommendation of any particular security, strategy or investment product.",,,,,,
